"Datasheets","Image","Digi-Key Part Number","Manufacturer Part Number","Manufacturer","Description","Quantity Available","Factory Stock","Unit Price (EUR)","@ qty","Minimum Quantity","Packaging","Series","Type","Frequency","Frequency Stability","Frequency Tolerance","Load Capacitance","ESR (Equivalent Series Resistance)","Operating Mode","Operating Temperature","Ratings","Mounting Type","Package / Case","Size / Dimension","Height"
"http://media.digikey.com/pdf/Data%20Sheets/Citizen%20PDFs/HC49US.pdf","http://media.digikey.com/photos/Citizen%20Amer%20Photos/HC49US%20series.jpg","300-6053-ND","HC49US-32.000MABJB","Citizen Finetech Miyota","CRYSTAL 32MHZ 18PF THRU",1398,0,"0.50000",0,1,"Bulk","HC49US","MHz Crystal","32MHz","±50ppm","±30ppm","18pF","140 Ohm","3rd Overtone","-10°C ~ 60°C","-","Through Hole","HC49/US","0.453"" L x 0.183"" W (11.50mm x 4.65mm)","0.138"" (3.50mm)"
"http://www.txccrystal.com/images/pdf/9b.pdf","http://media.digikey.com/Photos/TXC%20Technology/9B-SERIES.jpg","887-1497-ND","9B-32.000MAAJ-B","TXC CORPORATION","CRYSTAL 32MHZ 18PF THRU",1974,0,"0.31000",0,1,"Bulk","9B","MHz Crystal","32MHz","±30ppm","±30ppm","18pF","80 Ohm","3rd Overtone","-20°C ~ 70°C","-","Through Hole","HC49/US","0.453"" L x 0.197"" W (11.50mm x 5.00mm)","0.145"" (3.68mm)"
"http://www.txccrystal.com/images/pdf/9b.pdf","http://media.digikey.com/Photos/TXC%20Technology/9B-SERIES.jpg","887-1875-ND","9B-36.000MBBK-B","TXC CORPORATION","CRYSTAL 36MHZ 20PF THRU",1652,0,"0.26000",0,1,"Bulk","9B","MHz Crystal","36MHz","±50ppm","±50ppm","20pF","80 Ohm","3rd Overtone","-20°C ~ 70°C","-","Through Hole","HC49/US","0.453"" L x 0.197"" W (11.50mm x 5.00mm)","0.145"" (3.68mm)"
"http://media.digikey.com/pdf/Data%20Sheets/Epson%20PDFs/CA-301.pdf","http://media.digikey.com/photos/Epson%20Toyocom%20Photos/CA-301%20TYPE.jpg","SE3450-ND","CA-301 36.0000M-C","EPSON","CRYSTAL 36MHZ 18PF THRU",11603,0,"0.53000",0,1,"Bulk","CA-301","MHz Crystal","36MHz","±30ppm","±30ppm","18pF","80 Ohm","3rd Overtone","-20°C ~ 70°C","-","Through Hole","Cylindrical Can, Radial","0.122"" Dia x 0.350"" L (3.10mm x 8.90mm)","0.350"" (8.90mm)"
"http://media.digikey.com/pdf/Data%20Sheets/Epson%20PDFs/CA-301.pdf","http://media.digikey.com/photos/Epson%20Toyocom%20Photos/CA-301%20TYPE.jpg","SE3445-ND","CA-301 28.3220M-C:(3OT)","EPSON","CRYSTAL 28.322MHZ 18PF THRU",10965,0,"0.53000",0,1,"Bulk","CA-301","MHz Crystal","28.322MHz","±30ppm","±30ppm","18pF","40 Ohm","3rd Overtone","-20°C ~ 70°C","-","Through Hole","Cylindrical Can, Radial","0.122"" Dia x 0.350"" L (3.10mm x 8.90mm)","0.350"" (8.90mm)"
"http://www.ecsxtal.com/store/pdf/hc-49usx.pdf","http://media.digikey.com/photos/ECS%20Photos/ECS-200-20-4X.JPG","XC1729-ND","ECS-400-18-4XEN","ECS Inc","CRYSTAL 40MHZ 18PF THRU",951,0,"0.61000",0,1,"Bulk","HC-49USX","MHz Crystal","40MHz","±50ppm","±30ppm","18pF","100 Ohm","3rd Overtone","-40°C ~ 85°C","-","Through Hole","HC49/US","0.447"" L x 0.183"" W (11.35mm x 4.65mm)","0.138"" (3.50mm)"
"http://www.ctscorp.com/components/Datasheets/008-0308-0.pdf","http://media.digikey.com/photos/CTS%20Photos/HC-49%20Series.jpg","CTX1159-ND","MP480B","CTS-Frequency Controls","CRYSTAL 48MHZ 18PF THRU",957,0,"0.52000",0,1,"Bulk","MP","MHz Crystal","48MHz","±50ppm","±30ppm","18pF","55 Ohm","3rd Overtone","-20°C ~ 70°C","-","Through Hole","HC49/U","0.427"" L x 0.150"" W (10.85mm x 3.80mm)","0.530"" (13.46mm)"
"http://www.ecsxtal.com/store/pdf/hc49u.pdf","http://media.digikey.com/photos/ECS%20Photos/HC-49U.jpg","XC943-ND","ECS-480-20-1","ECS Inc","CRYSTAL 48MHZ 20PF THRU",553,0,"0.56000",0,1,"Bulk","HC-49U","MHz Crystal","48MHz","±50ppm","±30ppm","20pF","40 Ohm","3rd Overtone","-10°C ~ 70°C","-","Through Hole","HC49/U","0.447"" L x 0.183"" W (11.35mm x 4.65mm)","0.530"" (13.46mm)"
"http://www.ecsxtal.com/store/pdf/hc49u.pdf","http://media.digikey.com/photos/ECS%20Photos/HC-49U.jpg","X065-ND","ECS-480-S-1","ECS Inc","CRYSTAL 48MHZ SERIES THRU",283,0,"0.56000",0,1,"Bulk","HC-49U","MHz Crystal","48MHz","±50ppm","±30ppm","Series","40 Ohm","3rd Overtone","-10°C ~ 70°C","-","Through Hole","HC49/U","0.447"" L x 0.183"" W (11.35mm x 4.65mm)","0.530"" (13.46mm)"
"http://www.ecsxtal.com/store/pdf/hc49u.pdf","http://media.digikey.com/photos/ECS%20Photos/HC-49U.jpg","X152-ND","ECS-403.2-18-1","ECS Inc","CRYSTAL 40.32MHZ 18PF THRU",269,0,"0.56000",0,1,"Bulk","HC-49U","MHz Crystal","40.32MHz","±50ppm","±30ppm","18pF","40 Ohm","3rd Overtone","-10°C ~ 70°C","-","Through Hole","HC49/U","0.447"" L x 0.183"" W (11.35mm x 4.65mm)","0.530"" (13.46mm)"
"http://www.ecsxtal.com/store/pdf/hc49u.pdf","http://media.digikey.com/photos/ECS%20Photos/HC-49U.jpg","X151-ND","ECS-352.5-18-1","ECS Inc","CRYSTAL 35.2512MHZ 18PF THRU",214,0,"0.56000",0,1,"Bulk","HC-49U","MHz Crystal","35.2512MHz","±50ppm","±30ppm","18pF","40 Ohm","3rd Overtone","-10°C ~ 70°C","-","Through Hole","HC49/U","0.447"" L x 0.183"" W (11.35mm x 4.65mm)","0.530"" (13.46mm)"
"http://www.ecsxtal.com/store/pdf/hc49u.pdf","http://media.digikey.com/photos/ECS%20Photos/HC-49U.jpg","X038-ND","ECS-498.6-20-1","ECS Inc","CRYSTAL 49.86MHZ 20PF THRU",196,0,"0.56000",0,1,"Bulk","HC-49U","MHz Crystal","49.86MHz","±50ppm","±30ppm","20pF","40 Ohm","3rd Overtone","-10°C ~ 70°C","-","Through Hole","HC49/U","0.447"" L x 0.183"" W (11.35mm x 4.65mm)","0.530"" (13.46mm)"
"http://www.ecsxtal.com/store/pdf/hc-49usx.pdf","http://media.digikey.com/photos/ECS%20Photos/ECS-200-20-4X.JPG","XC1730-ND","ECS-500-18-4XEN","ECS Inc","CRYSTAL 50MHZ 18PF THRU",596,0,"0.61000",0,1,"Bulk","HC-49USX","MHz Crystal","50MHz","±50ppm","±30ppm","18pF","100 Ohm","3rd Overtone","-40°C ~ 85°C","-","Through Hole","HC49/US","0.447"" L x 0.183"" W (11.35mm x 4.65mm)","0.138"" (3.50mm)"
"http://www.ecsxtal.com/store/pdf/HC-49USS.pdf","http://media.digikey.com/photos/ECS%20Photos/ECS-147.4-20-4VX.JPG","XC1587-ND","ECS-270-20-4VX","ECS Inc","CRYSTAL 27MHZ 20PF THRU",683,0,"1.26000",0,1,"Bulk","HC-49USSX","MHz Crystal","27MHz","±50ppm","±30ppm","20pF","100 Ohm","3rd Overtone","-10°C ~ 70°C","-","Through Hole","HC49/US","0.447"" L x 0.197"" W (11.35mm x 5.00mm)","0.083"" (2.10mm)"
"http://www.txccrystal.com/images/pdf/9b.pdf","http://media.digikey.com/Photos/TXC%20Technology/9B-SERIES.jpg","887-1877-ND","9B-48.000MBBK-B","TXC CORPORATION","CRYSTAL 48MHZ 20PF THRU",717,0,"0.26000",0,1,"Bulk","9B","MHz Crystal","48MHz","±50ppm","±50ppm","20pF","80 Ohm","3rd Overtone","-20°C ~ 70°C","-","Through Hole","HC49/US","0.453"" L x 0.197"" W (11.50mm x 5.00mm)","0.145"" (3.68mm)"
"http://www.txccrystal.com/images/pdf/9b.pdf","http://media.digikey.com/Photos/TXC%20Technology/9B-SERIES.jpg","887-1039-ND","9B-64.000MAAJ-B","TXC CORPORATION","CRYSTAL 64MHZ 18PF THRU",525,0,"0.38000",0,1,"Bulk","9B","MHz Crystal","64MHz","±30ppm","±30ppm","18pF","60 Ohm","3rd Overtone","-20°C ~ 70°C","-","Through Hole","HC49/US","0.453"" L x 0.197"" W (11.50mm x 5.00mm)","0.145"" (3.68mm)"
"http://media.digikey.com/pdf/Data%20Sheets/Citizen%20PDFs/HC49US.pdf","http://media.digikey.com/photos/Citizen%20Amer%20Photos/HC49US%20series.jpg","300-6058-ND","HC49US-48.000MABJB","Citizen Finetech Miyota","CRYSTAL 48MHZ 18PF THRU",435,0,"0.50000",0,1,"Bulk","HC49US","MHz Crystal","48MHz","±50ppm","±30ppm","18pF","100 Ohm","3rd Overtone","-10°C ~ 60°C","-","Through Hole","HC49/US","0.453"" L x 0.183"" W (11.50mm x 4.65mm)","0.138"" (3.50mm)"
"http://www.ecsxtal.com/store/pdf/hc49ux.pdf","http://media.digikey.com/photos/ECS%20Photos/HC-49U.jpg","X998-ND","ECS-480-S-1X","ECS Inc","CRYSTAL 48MHZ SERIES THRU",125,0,"0.56000",0,1,"Bulk","HC-49UX","MHz Crystal","48MHz","±50ppm","±30ppm","Series","40 Ohm","3rd Overtone","-10°C ~ 70°C","-","Through Hole","HC49/U","0.447"" L x 0.183"" W (11.35mm x 4.65mm)","0.530"" (13.46mm)"
"http://www.ecsxtal.com/store/pdf/hc_49us.pdf","http://media.digikey.com/photos/ECS%20Photos/HC-49US.jpg","XC942-ND","ECS-480-20-4","ECS Inc","CRYSTAL 48MHZ 20PF THRU",199,0,"0.64000",0,1,"Bulk","HC-49US","MHz Crystal","48MHz","±50ppm","±30ppm","20pF","100 Ohm","3rd Overtone","-10°C ~ 70°C","-","Through Hole","HC49/US","0.447"" L x 0.183"" W (11.35mm x 4.65mm)","0.138"" (3.50mm)"
"http://media.digikey.com/pdf/Data%20Sheets/Epson%20PDFs/CA-301.pdf","http://media.digikey.com/photos/Epson%20Toyocom%20Photos/CA-301%20TYPE.jpg","SER3451-ND","CA-301 40.0000M-C:PBFREE","EPSON","CRYSTAL 40MHZ 18PF THRU",881,0,"0.66000",0,1,"Bulk","CA-301","MHz Crystal","40MHz","±30ppm","±30ppm","18pF","80 Ohm","3rd Overtone","-20°C ~ 70°C","-","Through Hole","Cylindrical Can, Radial","0.122"" Dia x 0.350"" L (3.10mm x 8.90mm)","0.350"" (8.90mm)"
"http://www.ecsxtal.com/store/pdf/ECS-3x10.pdf","http://media.digikey.com/photos/ECS%20Photos/ECS-3X9%20SERIES.jpg","XC968-ND","ECS-400-18-10-3OT","ECS Inc","CRYSTAL 40MHZ 18PF THRU",461,0,"0.81000",0,1,"Bulk","ECS-3x10","MHz Crystal","40MHz","±50ppm","±50ppm","18pF","80 Ohm","3rd Overtone","-10°C ~ 60°C","-","Through Hole","Cylindrical Can, Radial","0.126"" Dia x 0.413"" L (3.20mm x 10.50mm)","0.413"" (10.50mm)"
"http://www.txccrystal.com/images/pdf/9b.pdf","http://media.digikey.com/Photos/TXC%20Technology/9B-SERIES.jpg","887-1035-ND","9B-48.000MAAJ-B","TXC CORPORATION","CRYSTAL 48MHZ 18PF THRU",250,0,"0.31000",0,1,"Bulk","9B","MHz Crystal","48MHz","±30ppm","±30ppm","18pF","80 Ohm","3rd Overtone","-20°C ~ 70°C","-","Through Hole","HC49/US","0.453"" L x 0.197"" W (11.50mm x 5.00mm)","0.145"" (3.68mm)"
"http://www.txccrystal.com/images/pdf/9b-accuracy.pdf","http://media.digikey.com/Photos/TXC%20Technology/9B-SERIES.jpg","887-1620-ND","9B-48.000MEEQ-B","TXC CORPORATION","CRYSTAL 48MHZ 10PF THRU",291,0,"0.41000",0,1,"Bulk","9B","MHz Crystal","48MHz","±10ppm","±10ppm","10pF","80 Ohm","3rd Overtone","-20°C ~ 70°C","-","Through Hole","HC49/US","0.453"" L x 0.150"" W (11.50mm x 3.80mm)","0.145"" (3.68mm)"
"http://www.txccrystal.com/images/pdf/9b.pdf","http://media.digikey.com/Photos/TXC%20Technology/9B-SERIES.jpg","887-2030-ND","9B-40.000MAAJ-B","TXC CORPORATION","CRYSTAL 40MHZ 18PF THRU",695,0,"0.31000",0,1,"Bulk","9B","MHz Crystal","40MHz","±30ppm","±30ppm","18pF","80 Ohm","3rd Overtone","-20°C ~ 70°C","-","Through Hole","HC49/US","0.453"" L x 0.150"" W (11.50mm x 3.80mm)","0.145"" (3.68mm)"
"http://www.txccrystal.com/images/pdf/9b.pdf","http://media.digikey.com/Photos/TXC%20Technology/9B-SERIES.jpg","887-1033-ND","9B-35.328MAAJ-B","TXC CORPORATION","CRYSTAL 35.328MHZ 18PF THRU",424,0,"0.31000",0,1,"Bulk","9B","MHz Crystal","35.328MHz","±30ppm","±30ppm","18pF","80 Ohm","3rd Overtone","-20°C ~ 70°C","-","Through Hole","HC49/US","0.453"" L x 0.197"" W (11.50mm x 5.00mm)","0.145"" (3.68mm)"
"http://www.txccrystal.com/images/pdf/9b-accuracy.pdf","http://media.digikey.com/Photos/TXC%20Technology/9B-SERIES.jpg","887-1258-ND","9B-35.328MEEJ-B","TXC CORPORATION","CRYSTAL 35.328MHZ 18PF THRU",699,0,"0.45000",0,1,"Bulk","9B","MHz Crystal","35.328MHz","±10ppm","±10ppm","18pF","80 Ohm","3rd Overtone","-20°C ~ 70°C","-","Through Hole","HC49/US","0.453"" L x 0.197"" W (11.50mm x 5.00mm)","0.145"" (3.68mm)"
"http://www.txccrystal.com/images/pdf/9b.pdf","http://media.digikey.com/Photos/TXC%20Technology/9B-SERIES.jpg","887-1873-ND","9B-35.328MBBK-B","TXC CORPORATION","CRYSTAL 35.328MHZ 20PF THRU",998,0,"0.26000",0,1,"Bulk","9B","MHz Crystal","35.328MHz","±50ppm","±50ppm","20pF","80 Ohm","3rd Overtone","-20°C ~ 70°C","-","Through Hole","HC49/US","0.453"" L x 0.197"" W (11.50mm x 5.00mm)","0.145"" (3.68mm)"
"http://www.txccrystal.com/images/pdf/9b.pdf","http://media.digikey.com/Photos/TXC%20Technology/9B-SERIES.jpg","887-2049-ND","9B-33.330MBBK-B","TXC CORPORATION","CRYSTAL 33.330 MHZ 20 PF",983,0,"0.26000",0,1,"Bulk","9B","MHz Crystal","33.33MHz","±50ppm","±50ppm","20pF","80 Ohm","3rd Overtone","-20°C ~ 70°C","-","Through Hole","HC-49S","0.453"" L x 0.197"" W (11.50mm x 5.00mm)","0.145"" (3.68mm)"
"http://www.txccrystal.com/images/pdf/9b.pdf","http://media.digikey.com/Photos/TXC%20Technology/9B-SERIES.jpg","887-2027-ND","9B-32.000MBBK-B","TXC CORPORATION","CRYSTAL 32MHZ 20PF THRU",969,0,"0.26000",0,1,"Bulk","9B","MHz Crystal","32MHz","±50ppm","±50ppm","20pF","80 Ohm","3rd Overtone","-20°C ~ 70°C","-","Through Hole","HC49/US","0.453"" L x 0.197"" W (11.50mm x 5.00mm)","0.145"" (3.68mm)"
"http://www.txccrystal.com/images/pdf/9b.pdf","http://media.digikey.com/Photos/TXC%20Technology/9B-SERIES.jpg","887-1879-ND","9B-50.000MBBK-B","TXC CORPORATION","CRYSTAL 50MHZ 20PF THRU",770,0,"0.26000",0,1,"Bulk","9B","MHz Crystal","50MHz","±50ppm","±50ppm","20pF","60 Ohm","3rd Overtone","-20°C ~ 70°C","-","Through Hole","HC49/US","0.453"" L x 0.197"" W (11.50mm x 5.00mm)","0.145"" (3.68mm)"
"http://www.txccrystal.com/images/pdf/9b.pdf","http://media.digikey.com/Photos/TXC%20Technology/9B-SERIES.jpg","887-2050-ND","9B-37.500MAAE-B","TXC CORPORATION","CRYSTAL 37.500 MHZ 12 PF",1000,0,"0.29000",0,1,"Bulk","9B","MHz Crystal","37.5MHz","±30ppm","±30ppm","12pF","80 Ohm","3rd Overtone","-20°C ~ 70°C","-","Through Hole","HC-49S","0.453"" L x 0.197"" W (11.50mm x 5.00mm)","0.145"" (3.68mm)"
"http://www.txccrystal.com/images/pdf/9b.pdf","http://media.digikey.com/Photos/TXC%20Technology/9B-SERIES.jpg","887-2026-ND","9B-32.000MAAE-B","TXC CORPORATION","CRYSTAL 32MHZ 12PF THRU",990,0,"0.29000",0,1,"Bulk","9B","MHz Crystal","32MHz","±30ppm","±30ppm","12pF","80 Ohm","3rd Overtone","-20°C ~ 70°C","-","Through Hole","HC49/US","0.453"" L x 0.197"" W (11.50mm x 5.00mm)","0.145"" (3.68mm)"
"http://www.txccrystal.com/images/pdf/9b.pdf","http://media.digikey.com/Photos/TXC%20Technology/9B-SERIES.jpg","887-1878-ND","9B-50.000MAAE-B","TXC CORPORATION","CRYSTAL 50MHZ 12PF THRU",968,0,"0.29000",0,1,"Bulk","9B","MHz Crystal","50MHz","±30ppm","±30ppm","12pF","60 Ohm","3rd Overtone","-20°C ~ 70°C","-","Through Hole","HC49/US","0.453"" L x 0.197"" W (11.50mm x 5.00mm)","0.145"" (3.68mm)"
"http://www.txccrystal.com/images/pdf/9b.pdf","http://media.digikey.com/Photos/TXC%20Technology/9B-SERIES.jpg","887-1627-ND","9B-48.000MAAE-B","TXC CORPORATION","CRYSTAL 48MHZ 12PF THRU",889,0,"0.29000",0,1,"Bulk","9B","MHz Crystal","48MHz","±30ppm","±30ppm","12pF","80 Ohm","3rd Overtone","-20°C ~ 70°C","-","Through Hole","HC49/US","0.453"" L x 0.197"" W (11.50mm x 5.00mm)","0.145"" (3.68mm)"
"http://www.txccrystal.com/images/pdf/9b.pdf","http://media.digikey.com/Photos/TXC%20Technology/9B-SERIES.jpg","887-2048-ND","9B-31.500MAAJ-B","TXC CORPORATION","CRYSTAL 31.500 MHZ 18 PF",1000,0,"0.31000",0,1,"Bulk","9B","MHz Crystal","31.5MHz","±30ppm","±30ppm","18pF","80 Ohm","3rd Overtone","-20°C ~ 70°C","-","Through Hole","HC-49S","0.453"" L x 0.197"" W (11.50mm x 5.00mm)","0.145"" (3.68mm)"
"http://www.txccrystal.com/images/pdf/9b.pdf","http://media.digikey.com/Photos/TXC%20Technology/9B-SERIES.jpg","887-1880-ND","9B-54.000MBBK-B","TXC CORPORATION","CRYSTAL 54MHZ 20PF THRU",985,0,"0.33000",0,1,"Bulk","9B","MHz Crystal","54MHz","±50ppm","±50ppm","20pF","60 Ohm","3rd Overtone","-20°C ~ 70°C","-","Through Hole","HC49/US","0.453"" L x 0.197"" W (11.50mm x 5.00mm)","0.145"" (3.68mm)"
"http://www.txccrystal.com/images/pdf/9b.pdf","http://media.digikey.com/Photos/TXC%20Technology/9B-SERIES.jpg","887-1881-ND","9B-60.000MBBK-B","TXC CORPORATION","CRYSTAL 60MHZ 20PF THRU",927,0,"0.33000",0,1,"Bulk","9B","MHz Crystal","60MHz","±50ppm","±50ppm","20pF","80 Ohm","3rd Overtone","-20°C ~ 70°C","-","Through Hole","HC49/US","0.453"" L x 0.197"" W (11.50mm x 5.00mm)","0.145"" (3.68mm)"
"http://www.txccrystal.com/images/pdf/9b.pdf","http://media.digikey.com/Photos/TXC%20Technology/9B-SERIES.jpg","887-1882-ND","9B-64.000MBBK-B","TXC CORPORATION","CRYSTAL 64MHZ 20PF THRU",778,0,"0.33000",0,1,"Bulk","9B","MHz Crystal","64MHz","±50ppm","±50ppm","20pF","60 Ohm","3rd Overtone","-20°C ~ 70°C","-","Through Hole","HC49/US","0.453"" L x 0.197"" W (11.50mm x 5.00mm)","0.145"" (3.68mm)"
"http://cfm.citizen.co.jp/english/product/pdf/CSA-310_309.pdf","http://media.digikey.com/photos/Citizen%20Amer%20Photos/CSA309%20series.jpg","300-8462-ND","CSA309-33.8688MABJ-UB","Citizen Finetech Miyota","CRYSTAL 33.8688MHZ 18PF THRU",490,0,"0.54000",0,1,"Bulk","CSA309","MHz Crystal","33.8688MHz","±50ppm","±30ppm","18pF","100 Ohm","3rd Overtone","-10°C ~ 60°C","-","Through Hole","Cylindrical Can, Radial","0.118"" Dia x 0.346"" L (3.00mm x 8.80mm)","0.354"" (9.00mm)"
"http://cfm.citizen.co.jp/english/product/pdf/CSA-310_309.pdf","http://media.digikey.com/photos/Citizen%20Amer%20Photos/CSA309%20series.jpg","300-8453-ND","CSA309-28.000MABJ-UB","Citizen Finetech Miyota","CRYSTAL 28MHZ 18PF THRU",353,0,"0.54000",0,1,"Bulk","CSA309","MHz Crystal","28MHz","±50ppm","±30ppm","18pF","100 Ohm","3rd Overtone","-10°C ~ 60°C","-","Through Hole","Cylindrical Can, Radial","0.118"" Dia x 0.346"" L (3.00mm x 8.80mm)","0.354"" (9.00mm)"
"http://cfm.citizen.co.jp/english/product/pdf/CSA-310_309.pdf","http://media.digikey.com/photos/Citizen%20Amer%20Photos/CSA309%20series.jpg","300-5049-ND","CSA309-28.000MABJ","Citizen Finetech Miyota","CRYSTAL 28MHZ 18PF THRU",822,0,"0.64000",0,1,"Bulk","CSA309","MHz Crystal","28MHz","±50ppm","±30ppm","18pF","100 Ohm","3rd Overtone","-10°C ~ 60°C","-","Through Hole","Cylindrical Can, Radial","0.118"" Dia x 0.346"" L (3.00mm x 8.80mm)","0.354"" (9.00mm)"
"http://cfm.citizen.co.jp/english/product/pdf/CSA-310_309.pdf","http://media.digikey.com/photos/Citizen%20Amer%20Photos/CSA309%20series.jpg","300-5056-ND","CSA309-33.000MABJ","Citizen Finetech Miyota","CRYSTAL 33MHZ 18PF THRU",692,0,"0.64000",0,1,"Bulk","CSA309","MHz Crystal","33MHz","±50ppm","±30ppm","18pF","100 Ohm","3rd Overtone","-10°C ~ 60°C","-","Through Hole","Cylindrical Can, Radial","0.118"" Dia x 0.346"" L (3.00mm x 8.80mm)","0.354"" (9.00mm)"
"http://cfm.citizen.co.jp/english/product/pdf/CSA-310_309.pdf","http://media.digikey.com/photos/Citizen%20Amer%20Photos/CSA309%20series.jpg","300-5064-ND","CSA309-53.125MABJ","Citizen Finetech Miyota","CRYSTAL 53.125MHZ 18PF THRU",508,0,"0.64000",0,1,"Bulk","CSA309","MHz Crystal","53.125MHz","±50ppm","±30ppm","18pF","80 Ohm","3rd Overtone","-10°C ~ 60°C","-","Through Hole","Cylindrical Can, Radial","0.118"" Dia x 0.346"" L (3.00mm x 8.80mm)","0.354"" (9.00mm)"
"http://cfm.citizen.co.jp/english/product/pdf/CSA-310_309.pdf","http://media.digikey.com/photos/Citizen%20Amer%20Photos/CSA309%20series.jpg","300-5060-ND","CSA309-40.000MABJ","Citizen Finetech Miyota","CRYSTAL 40MHZ 18PF THRU",164,0,"0.64000",0,1,"Bulk","CSA309","MHz Crystal","40MHz","±50ppm","±30ppm","18pF","80 Ohm","3rd Overtone","-10°C ~ 60°C","-","Through Hole","Cylindrical Can, Radial","0.118"" Dia x 0.346"" L (3.00mm x 8.80mm)","0.354"" (9.00mm)"
"http://cfm.citizen.co.jp/english/product/pdf/CSA-310_309.pdf","http://media.digikey.com/photos/Citizen%20Amer%20Photos/CSA309%20series.jpg","300-8460-ND","CSA309-33.000MABJ-UB","Citizen Finetech Miyota","CRYSTAL 33MHZ 18PF THRU",785,0,"0.66000",0,1,"Bulk","CSA309","MHz Crystal","33MHz","±50ppm","±30ppm","18pF","100 Ohm","3rd Overtone","-10°C ~ 60°C","-","Through Hole","Cylindrical Can, Radial","0.118"" Dia x 0.346"" L (3.00mm x 8.80mm)","0.354"" (9.00mm)"
"http://cfm.citizen.co.jp/english/product/pdf/CSA-310_309.pdf","http://media.digikey.com/photos/Citizen%20Amer%20Photos/CSA309%20series.jpg","300-8463-ND","CSA309-40.000MABJ-UB","Citizen Finetech Miyota","CRYSTAL 40MHZ 18PF THRU",479,0,"0.66000",0,1,"Bulk","CSA309","MHz Crystal","40MHz","±50ppm","±30ppm","18pF","80 Ohm","3rd Overtone","-10°C ~ 60°C","-","Through Hole","Cylindrical Can, Radial","0.118"" Dia x 0.346"" L (3.00mm x 8.80mm)","0.354"" (9.00mm)"
"http://www.txccrystal.com/images/pdf/9b.pdf","http://media.digikey.com/Photos/TXC%20Technology/9B-SERIES.jpg","887-1036-ND","9B-50.000MAAJ-B","TXC CORPORATION","CRYSTAL 50MHZ 18PF THRU",595,0,"0.31000",0,1,"Bulk","9B","MHz Crystal","50MHz","±30ppm","±30ppm","18pF","60 Ohm","3rd Overtone","-20°C ~ 70°C","-","Through Hole","HC49/US","0.453"" L x 0.197"" W (11.50mm x 5.00mm)","0.145"" (3.68mm)"
"http://www.txccrystal.com/images/pdf/9b.pdf","http://media.digikey.com/Photos/TXC%20Technology/9B-SERIES.jpg","887-1034-ND","9B-36.000MAAJ-B","TXC CORPORATION","CRYSTAL 36MHZ 18PF THRU",233,0,"0.31000",0,1,"Bulk","9B","MHz Crystal","36MHz","±30ppm","±30ppm","18pF","80 Ohm","3rd Overtone","-20°C ~ 70°C","-","Through Hole","HC49/US","0.453"" L x 0.197"" W (11.50mm x 5.00mm)","0.145"" (3.68mm)"
"http://www.txccrystal.com/images/pdf/9b.pdf","http://media.digikey.com/Photos/TXC%20Technology/9B-SERIES.jpg","887-1037-ND","9B-54.000MAAJ-B","TXC CORPORATION","CRYSTAL 54MHZ 18PF THRU",724,0,"0.38000",0,1,"Bulk","9B","MHz Crystal","54MHz","±30ppm","±30ppm","18pF","60 Ohm","3rd Overtone","-20°C ~ 70°C","-","Through Hole","HC49/US","0.453"" L x 0.197"" W (11.50mm x 5.00mm)","0.145"" (3.68mm)"
"http://www.txccrystal.com/images/pdf/9b.pdf","http://media.digikey.com/Photos/TXC%20Technology/9B-SERIES.jpg","887-1038-ND","9B-60.000MAAJ-B","TXC CORPORATION","CRYSTAL 60MHZ 18PF THRU",284,0,"0.38000",0,1,"Bulk","9B","MHz Crystal","60MHz","±30ppm","±30ppm","18pF","60 Ohm","3rd Overtone","-20°C ~ 70°C","-","Through Hole","HC49/US","0.453"" L x 0.197"" W (11.50mm x 5.00mm)","0.145"" (3.68mm)"
"http://www.txccrystal.com/images/pdf/9b-accuracy.pdf","http://media.digikey.com/Photos/TXC%20Technology/9B-SERIES.jpg","887-1259-ND","9B-36.000MEEJ-B","TXC CORPORATION","CRYSTAL 36MHZ 18PF THRU",845,0,"0.45000",0,1,"Bulk","9B","MHz Crystal","36MHz","±10ppm","±10ppm","18pF","80 Ohm","3rd Overtone","-20°C ~ 70°C","-","Through Hole","HC49/US","0.453"" L x 0.197"" W (11.50mm x 5.00mm)","0.145"" (3.68mm)"
"http://www.txccrystal.com/images/pdf/9b-accuracy.pdf","http://media.digikey.com/Photos/TXC%20Technology/9B-SERIES.jpg","887-1502-ND","9B-48.000MFEQ-B","TXC CORPORATION","CRYSTAL 48MHZ 10PF THRU",836,0,"0.45000",0,1,"Bulk","9B","MHz Crystal","48MHz","±10ppm","±15ppm","10pF","80 Ohm","3rd Overtone","-20°C ~ 70°C","-","Through Hole","HC49/US","0.453"" L x 0.197"" W (11.50mm x 5.00mm)","0.145"" (3.68mm)"
"http://www.txccrystal.com/images/pdf/9b-accuracy.pdf","http://media.digikey.com/Photos/TXC%20Technology/9B-SERIES.jpg","887-1260-ND","9B-48.000MEEJ-B","TXC CORPORATION","CRYSTAL 48MHZ 18PF THRU",690,0,"0.45000",0,1,"Bulk","9B","MHz Crystal","48MHz","±10ppm","±10ppm","18pF","80 Ohm","3rd Overtone","-20°C ~ 70°C","-","Through Hole","HC49/US","0.453"" L x 0.197"" W (11.50mm x 5.00mm)","0.145"" (3.68mm)"
"http://www.txccrystal.com/images/pdf/9b-accuracy.pdf","http://media.digikey.com/Photos/TXC%20Technology/9B-SERIES.jpg","887-1261-ND","9B-50.000MEEJ-B","TXC CORPORATION","CRYSTAL 50MHZ 18PF THRU",398,0,"0.45000",0,1,"Bulk","9B","MHz Crystal","50MHz","±10ppm","±10ppm","18pF","60 Ohm","3rd Overtone","-20°C ~ 70°C","-","Through Hole","HC49/US","0.453"" L x 0.197"" W (11.50mm x 5.00mm)","0.145"" (3.68mm)"
"http://media.digikey.com/pdf/Data%20Sheets/Epson%20PDFs/CA-301.pdf","http://media.digikey.com/photos/Epson%20Toyocom%20Photos/CA-301%20TYPE.jpg","SE3453-ND","CA-301 46.0000M-C","EPSON","CRYSTAL 46MHZ 18PF THRU",844,0,"0.53000",0,1,"Bulk","CA-301","MHz Crystal","46MHz","±30ppm","±30ppm","18pF","80 Ohm","3rd Overtone","-20°C ~ 70°C","-","Through Hole","Cylindrical Can, Radial","0.122"" Dia x 0.350"" L (3.10mm x 8.90mm)","0.350"" (8.90mm)"
"http://media.digikey.com/pdf/Data%20Sheets/Epson%20PDFs/CA-301.pdf","http://media.digikey.com/photos/Epson%20Toyocom%20Photos/CA-301%20TYPE.jpg","SE3454-ND","CA-301 49.8600M-C","EPSON","CRYSTAL 49.86MHZ 18PF THRU",711,0,"0.53000",0,1,"Bulk","CA-301","MHz Crystal","49.86MHz","±30ppm","±30ppm","18pF","80 Ohm","3rd Overtone","-20°C ~ 70°C","-","Through Hole","Cylindrical Can, Radial","0.122"" Dia x 0.350"" L (3.10mm x 8.90mm)","0.350"" (8.90mm)"
"http://media.digikey.com/pdf/Data%20Sheets/Epson%20PDFs/CA-301.pdf","http://media.digikey.com/photos/Epson%20Toyocom%20Photos/CA-301%20TYPE.jpg","SE3455-ND","CA-301 50.0000M-C","EPSON","CRYSTAL 50MHZ 18PF THRU",233,0,"0.53000",0,1,"Bulk","CA-301","MHz Crystal","50MHz","±30ppm","±30ppm","18pF","80 Ohm","3rd Overtone","-20°C ~ 70°C","-","Through Hole","Cylindrical Can, Radial","0.122"" Dia x 0.350"" L (3.10mm x 8.90mm)","0.350"" (8.90mm)"
"http://media.digikey.com/pdf/Data%20Sheets/Epson%20PDFs/CA-301.pdf","http://media.digikey.com/photos/Epson%20Toyocom%20Photos/CA-301%20TYPE.jpg","SE3457-ND","CA-301 60.0000M-C","EPSON","CRYSTAL 60MHZ 18PF THRU",436,0,"0.61000",0,1,"Bulk","CA-301","MHz Crystal","60MHz","±30ppm","±30ppm","18pF","80 Ohm","3rd Overtone","-20°C ~ 70°C","-","Through Hole","Cylindrical Can, Radial","0.122"" Dia x 0.350"" L (3.10mm x 8.90mm)","0.350"" (8.90mm)"
"http://www.ecsxtal.com/store/pdf/ECS-3x10.pdf","http://media.digikey.com/photos/ECS%20Photos/ECS-3X9%20SERIES.jpg","XC967-ND","ECS-327-18-9-F","ECS Inc","CRYSTAL 32.768MHZ 18PF THRU",59,0,"0.81000",0,1,"Bulk","ECS-3x9","MHz Crystal","32.768MHz","±50ppm","±50ppm","18pF","100 Ohm","3rd Overtone","-10°C ~ 60°C","-","Through Hole","Cylindrical Can, Radial","0.126"" Dia x 0.354"" L (3.20mm x 9.00mm)","0.354"" (9.00mm)"
"http://media.digikey.com/pdf/Data%20Sheets/Citizen%20PDFs/HC49US.pdf","http://media.digikey.com/photos/Citizen%20Amer%20Photos/HC49US%20series.jpg","300-6057-ND","HC49US-40.000MABJB","Citizen Finetech Miyota","CRYSTAL 40MHZ 18PF THRU",0,0,"0.50000",0,1,"Bulk","HC49US","MHz Crystal","40MHz","±50ppm","±30ppm","18pF","100 Ohm","3rd Overtone","-10°C ~ 60°C","-","Through Hole","HC49/US","0.453"" L x 0.183"" W (11.50mm x 4.65mm)","0.138"" (3.50mm)"
"http://www.ecsxtal.com/store/pdf/hc49u.pdf","http://media.digikey.com/photos/ECS%20Photos/HC-49U.jpg","X150-ND","ECS-380.005-18-1","ECS Inc","CRYSTAL 38.00053MHZ 18PF THRU",11,0,"0.56000",0,1,"Bulk","HC-49U","MHz Crystal","38.00053MHz","±50ppm","±30ppm","18pF","40 Ohm","3rd Overtone","-10°C ~ 70°C","-","Through Hole","HC49/U","0.447"" L x 0.183"" W (11.35mm x 4.65mm)","0.530"" (13.46mm)"
"http://www.ecsxtal.com/store/pdf/ECS-3x10.pdf","http://media.digikey.com/photos/ECS%20Photos/ECS-3X9%20SERIES.jpg","XC969-ND","ECS-500-18-9-3OT","ECS Inc","CRYSTAL 50MHZ 18PF THRU",78,0,"0.81000",0,1,"Bulk","ECS-3x9","MHz Crystal","50MHz","±50ppm","±50ppm","18pF","80 Ohm","3rd Overtone","-10°C ~ 60°C","-","Through Hole","Cylindrical Can, Radial","0.126"" Dia x 0.354"" L (3.20mm x 9.00mm)","0.354"" (9.00mm)"
"http://www.ctscorp.com/components/Datasheets/008-0309-0.pdf","http://media.digikey.com/photos/CTS%20Photos/ATS%20Series.jpg","ATS320B-ND","ATS320B","CTS-Frequency Controls","CRYSTAL 32MHZ 18PF THRU",0,0,"0.16522",0,1000,"Bulk","ATS","MHz Crystal","32MHz","±50ppm","±30ppm","18pF","80 Ohm","3rd Overtone","-20°C ~ 70°C","-","Through Hole","HC49/US","0.427"" L x 0.177"" W (10.85mm x 4.50mm)","0.145"" (3.68mm)"
"http://www.ctscorp.com/components/Datasheets/008-0309-0.pdf","http://media.digikey.com/photos/CTS%20Photos/ATS%20Series.jpg","ATS320B-E-ND","ATS320B-E","CTS-Frequency Controls","CRYSTAL 32MHZ 18PF THRU",0,0,"0.16522",0,1000,"Bulk","ATS","MHz Crystal","32MHz","±50ppm","±30ppm","18pF","80 Ohm","3rd Overtone","-40°C ~ 85°C","-","Through Hole","HC49/US","0.427"" L x 0.177"" W (10.85mm x 4.50mm)","0.145"" (3.68mm)"
"http://www.ctscorp.com/components/Datasheets/008-0309-0.pdf","http://media.digikey.com/photos/CTS%20Photos/ATS%20Series.jpg","ATS320-E-ND","ATS320-E","CTS-Frequency Controls","CRYSTAL 32MHZ SERIES THRU",0,0,"0.16522",0,1000,"Bulk","ATS","MHz Crystal","32MHz","±50ppm","±30ppm","Series","80 Ohm","3rd Overtone","-40°C ~ 85°C","-","Through Hole","HC49/US","0.427"" L x 0.177"" W (10.85mm x 4.50mm)","0.145"" (3.68mm)"
"http://www.ctscorp.com/components/Datasheets/008-0309-0.pdf","http://media.digikey.com/photos/CTS%20Photos/ATS%20Series.jpg","ATS32A-ND","ATS32A","CTS-Frequency Controls","CRYSTAL 32MHZ 20PF THRU",0,0,"0.16522",0,1000,"Bulk","ATS","MHz Crystal","32MHz","±50ppm","±30ppm","20pF","80 Ohm","3rd Overtone","-20°C ~ 70°C","-","Through Hole","HC49/US","0.427"" L x 0.177"" W (10.85mm x 4.50mm)","0.145"" (3.68mm)"
"http://www.ctscorp.com/components/Datasheets/008-0309-0.pdf","http://media.digikey.com/photos/CTS%20Photos/ATS%20Series.jpg","ATS32A-E-ND","ATS32A-E","CTS-Frequency Controls","CRYSTAL 32MHZ 20PF THRU",0,0,"0.16522",0,1000,"Bulk","ATS","MHz Crystal","32MHz","±50ppm","±30ppm","20pF","80 Ohm","3rd Overtone","-40°C ~ 85°C","-","Through Hole","HC49/US","0.427"" L x 0.177"" W (10.85mm x 4.50mm)","0.145"" (3.68mm)"
"http://www.ctscorp.com/components/Datasheets/008-0309-0.pdf","http://media.digikey.com/photos/CTS%20Photos/ATS%20Series.jpg","ATS400-ND","ATS400","CTS-Frequency Controls","CRYSTAL 40MHZ SERIES THRU",0,0,"0.17793",0,1000,"Bulk","ATS","MHz Crystal","40MHz","±50ppm","±30ppm","Series","80 Ohm","3rd Overtone","-20°C ~ 70°C","-","Through Hole","HC49/US","0.427"" L x 0.177"" W (10.85mm x 4.50mm)","0.145"" (3.68mm)"
"http://www.ctscorp.com/components/Datasheets/008-0309-0.pdf","http://media.digikey.com/photos/CTS%20Photos/ATS%20Series.jpg","ATS400B-ND","ATS400B","CTS-Frequency Controls","CRYSTAL 40MHZ 18PF THRU",0,0,"0.17793",0,1000,"Bulk","ATS","MHz Crystal","40MHz","±50ppm","±30ppm","18pF","80 Ohm","3rd Overtone","-20°C ~ 70°C","-","Through Hole","HC49/US","0.427"" L x 0.177"" W (10.85mm x 4.50mm)","0.145"" (3.68mm)"
"http://www.ctscorp.com/components/Datasheets/008-0309-0.pdf","http://media.digikey.com/photos/CTS%20Photos/ATS%20Series.jpg","ATS400B-E-ND","ATS400B-E","CTS-Frequency Controls","CRYSTAL 40MHZ 18PF THRU",0,0,"0.17793",0,1000,"Bulk","ATS","MHz Crystal","40MHz","±50ppm","±30ppm","18pF","80 Ohm","3rd Overtone","-40°C ~ 85°C","-","Through Hole","HC49/US","0.427"" L x 0.177"" W (10.85mm x 4.50mm)","0.145"" (3.68mm)"
"http://www.ctscorp.com/components/Datasheets/008-0309-0.pdf","http://media.digikey.com/photos/CTS%20Photos/ATS%20Series.jpg","ATS400-E-ND","ATS400-E","CTS-Frequency Controls","CRYSTAL 40MHZ SERIES THRU",0,0,"0.17793",0,1000,"Bulk","ATS","MHz Crystal","40MHz","±50ppm","±30ppm","Series","80 Ohm","3rd Overtone","-40°C ~ 85°C","-","Through Hole","HC49/US","0.427"" L x 0.177"" W (10.85mm x 4.50mm)","0.145"" (3.68mm)"
"http://www.ctscorp.com/components/Datasheets/008-0309-0.pdf","http://media.digikey.com/photos/CTS%20Photos/ATS%20Series.jpg","ATS40A-ND","ATS40A","CTS-Frequency Controls","CRYSTAL 40MHZ 20PF THRU",0,0,"0.17793",0,1000,"Bulk","ATS","MHz Crystal","40MHz","±50ppm","±30ppm","20pF","80 Ohm","3rd Overtone","-20°C ~ 70°C","-","Through Hole","HC49/US","0.427"" L x 0.177"" W (10.85mm x 4.50mm)","0.145"" (3.68mm)"
"http://www.ctscorp.com/components/Datasheets/008-0309-0.pdf","http://media.digikey.com/photos/CTS%20Photos/ATS%20Series.jpg","ATS40A-E-ND","ATS40A-E","CTS-Frequency Controls","CRYSTAL 40MHZ 20PF THRU",0,0,"0.17793",0,1000,"Bulk","ATS","MHz Crystal","40MHz","±50ppm","±30ppm","20pF","80 Ohm","3rd Overtone","-40°C ~ 85°C","-","Through Hole","HC49/US","0.427"" L x 0.177"" W (10.85mm x 4.50mm)","0.145"" (3.68mm)"
"http://www.ctscorp.com/components/Datasheets/008-0309-0.pdf","http://media.digikey.com/photos/CTS%20Photos/ATS%20Series.jpg","ATS480A-ND","ATS480A","CTS-Frequency Controls","CRYSTAL 48MHZ 20PF THRU",0,0,"0.17793",0,1000,"Bulk","ATS","MHz Crystal","48MHz","±50ppm","±30ppm","20pF","80 Ohm","3rd Overtone","-20°C ~ 70°C","-","Through Hole","HC49/US","0.427"" L x 0.177"" W (10.85mm x 4.50mm)","0.145"" (3.68mm)"
"http://www.ctscorp.com/components/Datasheets/008-0309-0.pdf","http://media.digikey.com/photos/CTS%20Photos/ATS%20Series.jpg","ATS480A-E-ND","ATS480A-E","CTS-Frequency Controls","CRYSTAL 48MHZ 20PF THRU",0,0,"0.17793",0,1000,"Bulk","ATS","MHz Crystal","48MHz","±50ppm","±30ppm","20pF","80 Ohm","3rd Overtone","-40°C ~ 85°C","-","Through Hole","HC49/US","0.427"" L x 0.177"" W (10.85mm x 4.50mm)","0.145"" (3.68mm)"
"http://www.ctscorp.com/components/Datasheets/008-0309-0.pdf","http://media.digikey.com/photos/CTS%20Photos/ATS%20Series.jpg","ATS480B-ND","ATS480B","CTS-Frequency Controls","CRYSTAL 48MHZ 18PF THRU",0,0,"0.17793",0,1000,"Bulk","ATS","MHz Crystal","48MHz","±50ppm","±30ppm","18pF","80 Ohm","3rd Overtone","-20°C ~ 70°C","-","Through Hole","HC49/US","0.427"" L x 0.177"" W (10.85mm x 4.50mm)","0.145"" (3.68mm)"
"http://www.ctscorp.com/components/Datasheets/008-0309-0.pdf","http://media.digikey.com/photos/CTS%20Photos/ATS%20Series.jpg","ATS480B-E-ND","ATS480B-E","CTS-Frequency Controls","CRYSTAL 48MHZ 18PF THRU",0,0,"0.17793",0,1000,"Bulk","ATS","MHz Crystal","48MHz","±50ppm","±30ppm","18pF","80 Ohm","3rd Overtone","-40°C ~ 85°C","-","Through Hole","HC49/US","0.427"" L x 0.177"" W (10.85mm x 4.50mm)","0.145"" (3.68mm)"
"http://www.ctscorp.com/components/Datasheets/008-0309-0.pdf","http://media.digikey.com/photos/CTS%20Photos/ATS%20Series.jpg","ATS600A-ND","ATS600A","CTS-Frequency Controls","CRYSTAL 60MHZ 20PF THRU",0,0,"0.17793",0,1000,"Bulk","ATS","MHz Crystal","60MHz","±50ppm","±30ppm","20pF","80 Ohm","3rd Overtone","-20°C ~ 70°C","-","Through Hole","HC49/US","0.427"" L x 0.177"" W (10.85mm x 4.50mm)","0.145"" (3.68mm)"
"http://www.ctscorp.com/components/Datasheets/008-0309-0.pdf","http://media.digikey.com/photos/CTS%20Photos/ATS%20Series.jpg","ATS600A-E-ND","ATS600A-E","CTS-Frequency Controls","CRYSTAL 60MHZ 20PF THRU",0,0,"0.17793",0,1000,"Bulk","ATS","MHz Crystal","60MHz","±50ppm","±30ppm","20pF","80 Ohm","3rd Overtone","-40°C ~ 85°C","-","Through Hole","HC49/US","0.427"" L x 0.177"" W (10.85mm x 4.50mm)","0.145"" (3.68mm)"
"http://www.ctscorp.com/components/Datasheets/008-0309-0.pdf","http://media.digikey.com/photos/CTS%20Photos/ATS%20Series.jpg","ATS600B-ND","ATS600B","CTS-Frequency Controls","CRYSTAL 60MHZ 18PF THRU",0,0,"0.17793",0,1000,"Bulk","ATS","MHz Crystal","60MHz","±50ppm","±30ppm","18pF","80 Ohm","3rd Overtone","-20°C ~ 70°C","-","Through Hole","HC49/US","0.427"" L x 0.177"" W (10.85mm x 4.50mm)","0.145"" (3.68mm)"
"http://www.ctscorp.com/components/Datasheets/008-0309-0.pdf","http://media.digikey.com/photos/CTS%20Photos/ATS%20Series.jpg","ATS600B-E-ND","ATS600B-E","CTS-Frequency Controls","CRYSTAL 60MHZ 18PF THRU",0,0,"0.17793",0,1000,"Bulk","ATS","MHz Crystal","60MHz","±50ppm","±30ppm","18pF","80 Ohm","3rd Overtone","-40°C ~ 85°C","-","Through Hole","HC49/US","0.427"" L x 0.177"" W (10.85mm x 4.50mm)","0.145"" (3.68mm)"
"http://www.ctscorp.com/components/Datasheets/008-0309-0.pdf","http://media.digikey.com/photos/CTS%20Photos/ATS%20Series.jpg","ATS640A-ND","ATS640A","CTS-Frequency Controls","CRYSTAL 64MHZ 20PF THRU",0,0,"0.17793",0,1000,"Bulk","ATS","MHz Crystal","64MHz","±50ppm","±30ppm","20pF","80 Ohm","3rd Overtone","-20°C ~ 70°C","-","Through Hole","HC49/US","0.427"" L x 0.177"" W (10.85mm x 4.50mm)","0.145"" (3.68mm)"
"http://www.ctscorp.com/components/Datasheets/008-0309-0.pdf","http://media.digikey.com/photos/CTS%20Photos/ATS%20Series.jpg","ATS640A-E-ND","ATS640A-E","CTS-Frequency Controls","CRYSTAL 64MHZ 20PF THRU",0,0,"0.17793",0,1000,"Bulk","ATS","MHz Crystal","64MHz","±50ppm","±30ppm","20pF","80 Ohm","3rd Overtone","-40°C ~ 85°C","-","Through Hole","HC49/US","0.427"" L x 0.177"" W (10.85mm x 4.50mm)","0.145"" (3.68mm)"
"http://www.ctscorp.com/components/Datasheets/008-0309-0.pdf","http://media.digikey.com/photos/CTS%20Photos/ATS%20Series.jpg","ATS640B-ND","ATS640B","CTS-Frequency Controls","CRYSTAL 64MHZ 18PF THRU",0,0,"0.17793",0,1000,"Bulk","ATS","MHz Crystal","64MHz","±50ppm","±30ppm","18pF","80 Ohm","3rd Overtone","-20°C ~ 70°C","-","Through Hole","HC49/US","0.427"" L x 0.177"" W (10.85mm x 4.50mm)","0.145"" (3.68mm)"
"http://www.ctscorp.com/components/Datasheets/008-0309-0.pdf","http://media.digikey.com/photos/CTS%20Photos/ATS%20Series.jpg","ATS640B-E-ND","ATS640B-E","CTS-Frequency Controls","CRYSTAL 64MHZ 18PF THRU",0,0,"0.17793",0,1000,"Bulk","ATS","MHz Crystal","64MHz","±50ppm","±30ppm","18pF","80 Ohm","3rd Overtone","-40°C ~ 85°C","-","Through Hole","HC49/US","0.427"" L x 0.177"" W (10.85mm x 4.50mm)","0.145"" (3.68mm)"
"http://www.ctscorp.com/components/Datasheets/008-0309-0.pdf","http://media.digikey.com/photos/CTS%20Photos/ATS%20Series.jpg","ATS320-ND","ATS320","CTS-Frequency Controls","CRYSTAL 32MHZ SERIES THRU",0,0,"0.18301",0,1000,"Bulk","ATS","MHz Crystal","32MHz","±50ppm","±30ppm","Series","80 Ohm","3rd Overtone","-20°C ~ 70°C","-","Through Hole","HC49/US","0.427"" L x 0.177"" W (10.85mm x 4.50mm)","0.145"" (3.68mm)"
"http://www.ecsxtal.com/store/pdf/hc-49usx.pdf","http://media.digikey.com/photos/ECS%20Photos/ECS-200-20-4X.JPG","ECS-320-18-4XEN-ND","ECS-320-18-4XEN","ECS Inc","CRYSTAL 32MHZ 18PF THRU",0,0,"0.24465",0,1000,"Bulk","HC-49USX","MHz Crystal","32MHz","±50ppm","±30ppm","18pF","100 Ohm","3rd Overtone","-40°C ~ 85°C","-","Through Hole","HC49/US","0.447"" L x 0.183"" W (11.35mm x 4.65mm)","0.138"" (3.50mm)"
"http://www.ecsxtal.com/store/pdf/hc-49usx.pdf","http://media.digikey.com/photos/ECS%20Photos/ECS-200-20-4X.JPG","ECS-480-18-4XEN-ND","ECS-480-18-4XEN","ECS Inc","CRYSTAL 48MHZ 18PF THRU",0,0,"0.24465",0,1000,"Bulk","HC-49USX","MHz Crystal","48MHz","±50ppm","±30ppm","18pF","100 Ohm","3rd Overtone","-40°C ~ 85°C","-","Through Hole","HC49/US","0.447"" L x 0.183"" W (11.35mm x 4.65mm)","0.138"" (3.50mm)"
"http://www.ctscorp.com/components/Datasheets/008-0308-0.pdf","http://media.digikey.com/photos/CTS%20Photos/HC-49%20Series.jpg","MP270-ND","MP270","CTS-Frequency Controls","CRYSTAL 27MHZ SERIES THRU",0,0,"0.27960",0,1000,"Bulk","MP","MHz Crystal","27MHz","±50ppm","±30ppm","Series","55 Ohm","3rd Overtone","-20°C ~ 70°C","-","Through Hole","HC49/U","0.427"" L x 0.150"" W (10.85mm x 3.80mm)","0.530"" (13.46mm)"
"http://www.ctscorp.com/components/Datasheets/008-0308-0.pdf","http://media.digikey.com/photos/CTS%20Photos/HC-49%20Series.jpg","MP270B-ND","MP270B","CTS-Frequency Controls","CRYSTAL 27MHZ 18PF THRU",0,0,"0.27960",0,1000,"Bulk","MP","MHz Crystal","27MHz","±50ppm","±30ppm","18pF","55 Ohm","3rd Overtone","-20°C ~ 70°C","-","Through Hole","HC49/U","0.427"" L x 0.150"" W (10.85mm x 3.80mm)","0.530"" (13.46mm)"
"http://www.ctscorp.com/components/Datasheets/008-0308-0.pdf","http://media.digikey.com/photos/CTS%20Photos/HC-49%20Series.jpg","MP270B-E-ND","MP270B-E","CTS-Frequency Controls","CRYSTAL 27MHZ 18PF THRU",0,0,"0.27960",0,1000,"Bulk","MP","MHz Crystal","27MHz","±50ppm","±30ppm","18pF","55 Ohm","3rd Overtone","-40°C ~ 85°C","-","Through Hole","HC49/U","0.427"" L x 0.150"" W (10.85mm x 3.80mm)","0.530"" (13.46mm)"
"http://www.ctscorp.com/components/Datasheets/008-0308-0.pdf","http://media.digikey.com/photos/CTS%20Photos/HC-49%20Series.jpg","MP270-E-ND","MP270-E","CTS-Frequency Controls","CRYSTAL 27MHZ SERIES THRU",0,0,"0.27960",0,1000,"Bulk","MP","MHz Crystal","27MHz","±50ppm","±30ppm","Series","55 Ohm","3rd Overtone","-40°C ~ 85°C","-","Through Hole","HC49/U","0.427"" L x 0.150"" W (10.85mm x 3.80mm)","0.530"" (13.46mm)"
"http://www.ctscorp.com/components/Datasheets/008-0308-0.pdf","http://media.digikey.com/photos/CTS%20Photos/HC-49%20Series.jpg","MP320A-ND","MP320A","CTS-Frequency Controls","CRYSTAL 32MHZ 20PF THRU",0,0,"0.27960",0,1000,"Bulk","MP","MHz Crystal","32MHz","±50ppm","±30ppm","20pF","55 Ohm","3rd Overtone","-20°C ~ 70°C","-","Through Hole","HC49/U","0.427"" L x 0.150"" W (10.85mm x 3.80mm)","0.530"" (13.46mm)"
"http://www.ctscorp.com/components/Datasheets/008-0308-0.pdf","http://media.digikey.com/photos/CTS%20Photos/HC-49%20Series.jpg","MP320A-E-ND","MP320A-E","CTS-Frequency Controls","CRYSTAL 32MHZ 20PF THRU",0,0,"0.27960",0,1000,"Bulk","MP","MHz Crystal","32MHz","±50ppm","±30ppm","20pF","55 Ohm","3rd Overtone","-40°C ~ 85°C","-","Through Hole","HC49/U","0.427"" L x 0.150"" W (10.85mm x 3.80mm)","0.530"" (13.46mm)"
"http://www.ctscorp.com/components/Datasheets/008-0308-0.pdf","http://media.digikey.com/photos/CTS%20Photos/HC-49%20Series.jpg","MP320B-ND","MP320B","CTS-Frequency Controls","CRYSTAL 32MHZ 18PF THRU",0,0,"0.27960",0,1000,"Bulk","MP","MHz Crystal","32MHz","±50ppm","±30ppm","18pF","55 Ohm","3rd Overtone","-20°C ~ 70°C","-","Through Hole","HC49/U","0.427"" L x 0.150"" W (10.85mm x 3.80mm)","0.530"" (13.46mm)"
"http://www.ctscorp.com/components/Datasheets/008-0308-0.pdf","http://media.digikey.com/photos/CTS%20Photos/HC-49%20Series.jpg","MP320B-E-ND","MP320B-E","CTS-Frequency Controls","CRYSTAL 32MHZ 18PF THRU",0,0,"0.27960",0,1000,"Bulk","MP","MHz Crystal","32MHz","±50ppm","±30ppm","18pF","55 Ohm","3rd Overtone","-40°C ~ 85°C","-","Through Hole","HC49/U","0.427"" L x 0.150"" W (10.85mm x 3.80mm)","0.530"" (13.46mm)"
"http://www.ctscorp.com/components/Datasheets/008-0308-0.pdf","http://media.digikey.com/photos/CTS%20Photos/HC-49%20Series.jpg","MP327B-ND","MP327B","CTS-Frequency Controls","CRYSTAL 32.768MHZ 18PF THRU",0,0,"0.27960",0,1000,"Bulk","MP","MHz Crystal","32.768MHz","±50ppm","±30ppm","18pF","55 Ohm","3rd Overtone","-20°C ~ 70°C","-","Through Hole","HC49/U","0.427"" L x 0.150"" W (10.85mm x 3.80mm)","0.530"" (13.46mm)"
"http://www.ctscorp.com/components/Datasheets/008-0308-0.pdf","http://media.digikey.com/photos/CTS%20Photos/HC-49%20Series.jpg","MP327B-E-ND","MP327B-E","CTS-Frequency Controls","CRYSTAL 32.768MHZ 18PF THRU",0,0,"0.27960",0,1000,"Bulk","MP","MHz Crystal","32.768MHz","±50ppm","±30ppm","18pF","55 Ohm","3rd Overtone","-40°C ~ 85°C","-","Through Hole","HC49/U","0.427"" L x 0.150"" W (10.85mm x 3.80mm)","0.530"" (13.46mm)"
"http://www.ctscorp.com/components/Datasheets/008-0308-0.pdf","http://media.digikey.com/photos/CTS%20Photos/HC-49%20Series.jpg","MP360-ND","MP360","CTS-Frequency Controls","CRYSTAL 36MHZ SERIES THRU",0,0,"0.27960",0,1000,"Bulk","MP","MHz Crystal","36MHz","±50ppm","±30ppm","Series","55 Ohm","3rd Overtone","-20°C ~ 70°C","-","Through Hole","HC49/U","0.427"" L x 0.150"" W (10.85mm x 3.80mm)","0.530"" (13.46mm)"
"http://www.ctscorp.com/components/Datasheets/008-0308-0.pdf","http://media.digikey.com/photos/CTS%20Photos/HC-49%20Series.jpg","MP360-E-ND","MP360-E","CTS-Frequency Controls","CRYSTAL 36MHZ SERIES THRU",0,0,"0.27960",0,1000,"Bulk","MP","MHz Crystal","36MHz","±50ppm","±30ppm","Series","55 Ohm","3rd Overtone","-40°C ~ 85°C","-","Through Hole","HC49/U","0.427"" L x 0.150"" W (10.85mm x 3.80mm)","0.530"" (13.46mm)"
"http://www.ctscorp.com/components/Datasheets/008-0308-0.pdf","http://media.digikey.com/photos/CTS%20Photos/HC-49%20Series.jpg","MP400-ND","MP400","CTS-Frequency Controls","CRYSTAL 40MHZ 20PF THRU",0,0,"0.27960",0,1000,"Bulk","MP","MHz Crystal","40MHz","±50ppm","±30ppm","20pF","55 Ohm","3rd Overtone","-20°C ~ 70°C","-","Through Hole","HC49/U","0.427"" L x 0.150"" W (10.85mm x 3.80mm)","0.530"" (13.46mm)"
"http://www.ctscorp.com/components/Datasheets/008-0308-0.pdf","http://media.digikey.com/photos/CTS%20Photos/HC-49%20Series.jpg","MP400-E-ND","MP400-E","CTS-Frequency Controls","CRYSTAL 40MHZ 20PF THRU",0,0,"0.27960",0,1000,"Bulk","MP","MHz Crystal","40MHz","±50ppm","±30ppm","20pF","55 Ohm","3rd Overtone","-40°C ~ 85°C","-","Through Hole","HC49/U","0.427"" L x 0.150"" W (10.85mm x 3.80mm)","0.530"" (13.46mm)"
"http://www.ctscorp.com/components/Datasheets/008-0308-0.pdf","http://media.digikey.com/photos/CTS%20Photos/HC-49%20Series.jpg","MP480-ND","MP480","CTS-Frequency Controls","CRYSTAL 48MHZ SERIES THRU",0,0,"0.27960",0,1000,"Bulk","MP","MHz Crystal","48MHz","±50ppm","±30ppm","Series","55 Ohm","3rd Overtone","-20°C ~ 70°C","-","Through Hole","HC49/U","0.427"" L x 0.150"" W (10.85mm x 3.80mm)","0.530"" (13.46mm)"
"http://www.ctscorp.com/components/Datasheets/008-0308-0.pdf","http://media.digikey.com/photos/CTS%20Photos/HC-49%20Series.jpg","MP480A-ND","MP480A","CTS-Frequency Controls","CRYSTAL 48MHZ 20PF THRU",0,0,"0.27960",0,1000,"Bulk","MP","MHz Crystal","48MHz","±50ppm","±30ppm","20pF","55 Ohm","3rd Overtone","-20°C ~ 70°C","-","Through Hole","HC49/U","0.427"" L x 0.150"" W (10.85mm x 3.80mm)","0.530"" (13.46mm)"
"http://www.ctscorp.com/components/Datasheets/008-0308-0.pdf","http://media.digikey.com/photos/CTS%20Photos/HC-49%20Series.jpg","MP480A-E-ND","MP480A-E","CTS-Frequency Controls","CRYSTAL 48MHZ 20PF THRU",0,0,"0.27960",0,1000,"Bulk","MP","MHz Crystal","48MHz","±50ppm","±30ppm","20pF","55 Ohm","3rd Overtone","-40°C ~ 85°C","-","Through Hole","HC49/U","0.427"" L x 0.150"" W (10.85mm x 3.80mm)","0.530"" (13.46mm)"
"http://www.ctscorp.com/components/Datasheets/008-0308-0.pdf","http://media.digikey.com/photos/CTS%20Photos/HC-49%20Series.jpg","MP480B-E-ND","MP480B-E","CTS-Frequency Controls","CRYSTAL 48MHZ 18PF THRU",0,0,"0.27960",0,1000,"Bulk","MP","MHz Crystal","48MHz","±50ppm","±30ppm","18pF","55 Ohm","3rd Overtone","-40°C ~ 85°C","-","Through Hole","HC49/U","0.427"" L x 0.150"" W (10.85mm x 3.80mm)","0.530"" (13.46mm)"
"http://www.ctscorp.com/components/Datasheets/008-0308-0.pdf","http://media.digikey.com/photos/CTS%20Photos/HC-49%20Series.jpg","MP480-E-ND","MP480-E","CTS-Frequency Controls","CRYSTAL 48MHZ SERIES THRU",0,0,"0.27960",0,1000,"Bulk","MP","MHz Crystal","48MHz","±50ppm","±30ppm","Series","55 Ohm","3rd Overtone","-40°C ~ 85°C","-","Through Hole","HC49/U","0.427"" L x 0.150"" W (10.85mm x 3.80mm)","0.530"" (13.46mm)"
"http://www.ctscorp.com/components/Datasheets/008-0308-0.pdf","http://media.digikey.com/photos/CTS%20Photos/HC-49%20Series.jpg","MP500B-ND","MP500B","CTS-Frequency Controls","CRYSTAL 50MHZ 18PF THRU",0,0,"0.27960",0,1000,"Bulk","MP","MHz Crystal","50MHz","±50ppm","±30ppm","18pF","55 Ohm","3rd Overtone","-20°C ~ 70°C","-","Through Hole","HC49/U","0.427"" L x 0.150"" W (10.85mm x 3.80mm)","0.530"" (13.46mm)"
"http://www.ctscorp.com/components/Datasheets/008-0308-0.pdf","http://media.digikey.com/photos/CTS%20Photos/HC-49%20Series.jpg","MP500B-E-ND","MP500B-E","CTS-Frequency Controls","CRYSTAL 50MHZ 18PF THRU",0,0,"0.27960",0,1000,"Bulk","MP","MHz Crystal","50MHz","±50ppm","±30ppm","18pF","55 Ohm","3rd Overtone","-40°C ~ 85°C","-","Through Hole","HC49/U","0.427"" L x 0.150"" W (10.85mm x 3.80mm)","0.530"" (13.46mm)"
"http://www.ctscorp.com/components/Datasheets/008-0308-0.pdf","http://media.digikey.com/photos/CTS%20Photos/HC-49%20Series.jpg","MP640B-ND","MP640B","CTS-Frequency Controls","CRYSTAL 64MHZ 18PF THRU",0,0,"0.27960",0,1000,"Bulk","MP","MHz Crystal","64MHz","±50ppm","±30ppm","18pF","55 Ohm","3rd Overtone","-20°C ~ 70°C","-","Through Hole","HC49/U","0.427"" L x 0.150"" W (10.85mm x 3.80mm)","0.530"" (13.46mm)"
"http://www.ctscorp.com/components/Datasheets/008-0308-0.pdf","http://media.digikey.com/photos/CTS%20Photos/HC-49%20Series.jpg","MP640B-E-ND","MP640B-E","CTS-Frequency Controls","CRYSTAL 64MHZ 18PF THRU",0,0,"0.27960",0,1000,"Bulk","MP","MHz Crystal","64MHz","±50ppm","±30ppm","18pF","55 Ohm","3rd Overtone","-40°C ~ 85°C","-","Through Hole","HC49/U","0.427"" L x 0.150"" W (10.85mm x 3.80mm)","0.530"" (13.46mm)"
"http://www.ecsxtal.com/store/pdf/hc49u.pdf","http://media.digikey.com/photos/ECS%20Photos/HC-49U.jpg","ECS-448-S-1-ND","ECS-448-S-1","ECS Inc","CRYSTAL 44.8MHZ SERIES THRU",0,0,"0.35585",0,1000,"Bulk","HC-49U","MHz Crystal","44.8MHz","±50ppm","±30ppm","Series","40 Ohm","3rd Overtone","-10°C ~ 70°C","-","Through Hole","HC49/U","0.447"" L x 0.183"" W (11.35mm x 4.65mm)","0.530"" (13.46mm)"
"http://www.ecsxtal.com/store/pdf/hc49u.pdf","http://media.digikey.com/photos/ECS%20Photos/ECS-759.57-S-1-30T.JPG","ECS-759.57-S-130T-ND","ECS-759.57-S-1-30T","ECS Inc","CRYSTAL 75.957292MHZ SERIES THRU",0,0,"0.46705",0,1000,"Bulk","HC-49U","MHz Crystal","75.957292MHz","±50ppm","±30ppm","Series","40 Ohm","3rd Overtone","-10°C ~ 70°C","-","Through Hole","HC49/U","0.447"" L x 0.183"" W (11.35mm x 4.65mm)","0.530"" (13.46mm)"
"http://www.ecsxtal.com/store/pdf/hc49u.pdf","-","ECS-761.21-S-130T-ND","ECS-761.21-S-1-30T","ECS Inc","CRYSTAL 76.121875MHZ SERIES THRU",0,0,"0.46705",0,1000,"Bulk","HC-49U","MHz Crystal","76.121875MHz","±50ppm","±30ppm","Series","40 Ohm","3rd Overtone","-10°C ~ 70°C","-","Through Hole","HC49/U","0.447"" L x 0.183"" W (11.35mm x 4.65mm)","0.530"" (13.46mm)"
"http://www.ecsxtal.com/store/pdf/hc49u.pdf","-","ECS-736.69-S-130T-ND","ECS-736.69-S-1-30T","ECS Inc","CRYSTAL 73.66979MHZ SERIES THRU",0,0,"0.50042",0,1000,"Bulk","HC-49U","MHz Crystal","73.66979MHz","±50ppm","±30ppm","Series","40 Ohm","3rd Overtone","-10°C ~ 70°C","-","Through Hole","HC49/U","0.447"" L x 0.183"" W (11.35mm x 4.65mm)","0.530"" (13.46mm)"
"http://www.abracon.com/Resonators/ABL.pdf","http://media.digikey.com/renders/Abracon%20Renders/ABL%20Series.jpg","535-9049-ND","ABL-24.576MHZ-B2F","Abracon Corporation","CRYSTAL 24.576MHZ 18PF THRU",0,0,"0.13980",0,1000,"Bulk","ABL","MHz Crystal","24.576MHz","±50ppm","±20ppm","18pF","100 Ohm","3rd Overtone","-20°C ~ 70°C","-","Through Hole","HC49/US","0.453"" L x 0.197"" W (11.50mm x 5.00mm)","0.138"" (3.50mm)"
"http://www.abracon.com/Resonators/ABL.pdf","http://media.digikey.com/renders/Abracon%20Renders/ABL%20Series.jpg","535-9050-ND","ABL-25.000MHZ-B2F","Abracon Corporation","CRYSTAL 25MHZ 18PF THRU",0,0,"0.13980",0,1000,"Bulk","ABL","MHz Crystal","25MHz","±50ppm","±20ppm","18pF","100 Ohm","3rd Overtone","-20°C ~ 70°C","-","Through Hole","HC49/US","0.453"" L x 0.197"" W (11.50mm x 5.00mm)","0.138"" (3.50mm)"
"http://www.abracon.com/Resonators/ABL.pdf","http://media.digikey.com/renders/Abracon%20Renders/ABL%20Series.jpg","535-9051-ND","ABL-27.000MHZ-B2F","Abracon Corporation","CRYSTAL 27MHZ 18PF THRU",0,0,"0.13980",0,1000,"Bulk","ABL","MHz Crystal","27MHz","±50ppm","±20ppm","18pF","100 Ohm","3rd Overtone","-20°C ~ 70°C","-","Through Hole","HC49/US","0.453"" L x 0.197"" W (11.50mm x 5.00mm)","0.138"" (3.50mm)"
"http://www.abracon.com/Resonators/ABL.pdf","http://media.digikey.com/renders/Abracon%20Renders/ABL%20Series.jpg","535-9052-ND","ABL-32.000MHZ-B2","Abracon Corporation","CRYSTAL 32MHZ 18PF THRU",0,0,"0.13980",0,1000,"Bulk","ABL","MHz Crystal","32MHz","±50ppm","±20ppm","18pF","80 Ohm","3rd Overtone","-20°C ~ 70°C","-","Through Hole","HC49/US","0.453"" L x 0.197"" W (11.50mm x 5.00mm)","0.138"" (3.50mm)"
"http://www.abracon.com/Resonators/ABL.pdf","http://media.digikey.com/renders/Abracon%20Renders/ABL%20Series.jpg","535-9055-ND","ABL-40.000MHZ-B2","Abracon Corporation","CRYSTAL 40MHZ 18PF THRU",0,0,"0.13980",0,1000,"Bulk","ABL","MHz Crystal","40MHz","±50ppm","±20ppm","18pF","80 Ohm","3rd Overtone","-20°C ~ 70°C","-","Through Hole","HC49/US","0.453"" L x 0.197"" W (11.50mm x 5.00mm)","0.138"" (3.50mm)"
"http://www.abracon.com/Resonators/ABL.pdf","http://media.digikey.com/renders/Abracon%20Renders/ABL%20Series.jpg","535-9056-ND","ABL-48.000MHZ-B2","Abracon Corporation","CRYSTAL 48MHZ 18PF THRU",0,0,"0.13980",0,1000,"Bulk","ABL","MHz Crystal","48MHz","±50ppm","±20ppm","18pF","80 Ohm","3rd Overtone","-20°C ~ 70°C","-","Through Hole","HC49/US","0.453"" L x 0.197"" W (11.50mm x 5.00mm)","0.138"" (3.50mm)"
"http://www.abracon.com/Resonators/ab.pdf","http://media.digikey.com/Renders/Abracon%20Renders/AB%20Series.jpg","535-9013-ND","AB-24.576MHZ-B2F","Abracon Corporation","CRYSTAL 24.576MHZ 18PF THRU",0,0,"0.16522",0,1000,"Bulk","AB","MHz Crystal","24.576MHz","±100ppm","±20ppm","18pF","40 Ohm","3rd Overtone","-20°C ~ 70°C","-","Through Hole","HC49/U","0.453"" L x 0.197"" W (11.50mm x 5.00mm)","0.530"" (13.46mm)"
"http://www.abracon.com/Resonators/ab.pdf","http://media.digikey.com/Renders/Abracon%20Renders/AB%20Series.jpg","535-9014-ND","AB-25.000MHZ-B2F","Abracon Corporation","CRYSTAL 25MHZ 18PF THRU",0,0,"0.16522",0,1000,"Bulk","AB","MHz Crystal","25MHz","±100ppm","±20ppm","18pF","40 Ohm","3rd Overtone","-20°C ~ 70°C","-","Through Hole","HC49/U","0.453"" L x 0.197"" W (11.50mm x 5.00mm)","0.530"" (13.46mm)"
"http://www.abracon.com/Resonators/ab.pdf","http://media.digikey.com/Renders/Abracon%20Renders/AB%20Series.jpg","535-9015-ND","AB-27.000MHZ-B2F","Abracon Corporation","CRYSTAL 27MHZ 18PF THRU",0,0,"0.16522",0,1000,"Bulk","AB","MHz Crystal","27MHz","±100ppm","±20ppm","18pF","40 Ohm","3rd Overtone","-20°C ~ 70°C","-","Through Hole","HC49/U","0.453"" L x 0.197"" W (11.50mm x 5.00mm)","0.530"" (13.46mm)"
"http://www.abracon.com/Resonators/ab.pdf","http://media.digikey.com/Renders/Abracon%20Renders/AB%20Series.jpg","535-9017-ND","AB-32.000MHZ-B2","Abracon Corporation","CRYSTAL 32MHZ 18PF THRU",0,0,"0.16522",0,1000,"Bulk","AB","MHz Crystal","32MHz","±100ppm","±20ppm","18pF","40 Ohm","3rd Overtone","-20°C ~ 70°C","-","Through Hole","HC49/U","0.453"" L x 0.197"" W (11.50mm x 5.00mm)","0.530"" (13.46mm)"
"http://www.abracon.com/Resonators/ab.pdf","http://media.digikey.com/Renders/Abracon%20Renders/AB%20Series.jpg","535-9018-ND","AB-32.768MHZ-B2","Abracon Corporation","CRYSTAL 32.768MHZ 18PF THRU",0,0,"0.16522",0,1000,"Bulk","AB","MHz Crystal","32.768MHz","±100ppm","±20ppm","18pF","40 Ohm","3rd Overtone","-20°C ~ 70°C","-","Through Hole","HC49/U","0.453"" L x 0.197"" W (11.50mm x 5.00mm)","0.530"" (13.46mm)"
"http://www.abracon.com/Resonators/ab.pdf","http://media.digikey.com/Renders/Abracon%20Renders/AB%20Series.jpg","535-9021-ND","AB-48.000MHZ-B2","Abracon Corporation","CRYSTAL 48MHZ 18PF THRU",0,0,"0.16522",0,1000,"Bulk","AB","MHz Crystal","48MHz","±100ppm","±20ppm","18pF","40 Ohm","3rd Overtone","-20°C ~ 70°C","-","Through Hole","HC49/U","0.453"" L x 0.197"" W (11.50mm x 5.00mm)","0.530"" (13.46mm)"
"http://www.abracon.com/Resonators/ab.pdf","http://media.digikey.com/Renders/Abracon%20Renders/AB%20Series.jpg","535-9024-ND","AB-50.000MHZ-B2","Abracon Corporation","CRYSTAL 50MHZ 18PF THRU",0,0,"0.16522",0,1000,"Bulk","AB","MHz Crystal","50MHz","±100ppm","±20ppm","18pF","40 Ohm","3rd Overtone","-20°C ~ 70°C","-","Through Hole","HC49/U","0.453"" L x 0.197"" W (11.50mm x 5.00mm)","0.530"" (13.46mm)"
"http://media.digikey.com/pdf/Data%20Sheets/Citizen%20PDFs/HC49US.pdf","http://media.digikey.com/photos/Citizen%20Amer%20Photos/HC49US%20series.jpg","300-6056-ND","HC49US-33.8688MABJB","Citizen Finetech Miyota","CRYSTAL 33.8688MHZ 18PF THRU",0,0,"0.20017",0,1000,"Bulk","HC49US","MHz Crystal","33.8688MHz","±50ppm","±30ppm","18pF","140 Ohm","3rd Overtone","-10°C ~ 60°C","-","Through Hole","HC49/US","0.453"" L x 0.183"" W (11.50mm x 4.65mm)","0.138"" (3.50mm)"
"http://media.digikey.com/pdf/Data%20Sheets/Citizen%20PDFs/HC49US.pdf","http://media.digikey.com/photos/Citizen%20Amer%20Photos/HC49US%20series.jpg","300-6060-ND","HC49US-50.000MABJB","Citizen Finetech Miyota","CRYSTAL 50MHZ 18PF THRU",0,0,"0.20017",0,1000,"Bulk","HC49US","MHz Crystal","50MHz","±50ppm","±30ppm","18pF","100 Ohm","3rd Overtone","-10°C ~ 60°C","-","Through Hole","HC49/US","0.453"" L x 0.183"" W (11.50mm x 4.65mm)","0.138"" (3.50mm)"
"http://media.digikey.com/pdf/Data%20Sheets/Citizen%20PDFs/HC49US.pdf","http://media.digikey.com/photos/Citizen%20Amer%20Photos/HC49US%20series.jpg","HC49US-50.000MAMJ-UB-ND","HC49US-50.000MAMJ-UB","Citizen Finetech Miyota","CRYSTAL 50MHZ 18PF THRU",0,0,"0.20017",0,1000,"Bulk","HC-49US","MHz Crystal","50MHz","±60ppm","±30ppm","18pF","100 Ohm","3rd Overtone","-40°C ~ 85°C","-","Through Hole","HC49/US","0.453"" L x 0.183"" W (11.50mm x 4.65mm)","0.138"" (3.50mm)"
"http://www.txccrystal.com/images/pdf/9b.pdf","http://media.digikey.com/Photos/TXC%20Technology/9B-SERIES.jpg","887-2031-ND","9B-40.000MBBK-B","TXC CORPORATION","CRYSTAL 40MHZ 20PF THRU",0,0,"0.26000",0,1,"Bulk","9B","MHz Crystal","40MHz","±50ppm","±50ppm","20pF","80 Ohm","3rd Overtone","-20°C ~ 70°C","-","Through Hole","HC49/US","0.453"" L x 0.197"" W (11.50mm x 5.00mm)","0.145"" (3.68mm)"
"http://cfm.citizen.co.jp/english/product/pdf/CSA-310_309.pdf","http://media.digikey.com/photos/Citizen%20Amer%20Photos/CSA309%20series.jpg","300-8461-ND","CSA309-33.3333MABJ-UB","Citizen Finetech Miyota","CRYSTAL 33.3333MHZ 18PF THRU",48,0,"0.66000",0,1,"Bulk","CSA309","MHz Crystal","33.3333MHz","±50ppm","±30ppm","18pF","100 Ohm","3rd Overtone","-10°C ~ 60°C","-","Through Hole","Cylindrical Can, Radial","0.118"" Dia x 0.346"" L (3.00mm x 8.80mm)","0.354"" (9.00mm)"
"http://cfm.citizen.co.jp/english/product/pdf/CSA-310_309.pdf","http://media.digikey.com/photos/Citizen%20Amer%20Photos/CSA309%20series.jpg","300-8459-ND","CSA309-32.768MABJ-UB","Citizen Finetech Miyota","CRYSTAL 32.768MHZ 18PF THRU",16,0,"0.78000",0,1,"Bulk","CSA309","MHz Crystal","32.768MHz","±50ppm","±30ppm","18pF","100 Ohm","3rd Overtone","-10°C ~ 60°C","-","Through Hole","Cylindrical Can, Radial","0.118"" Dia x 0.346"" L (3.00mm x 8.80mm)","0.354"" (9.00mm)"
"http://www.txccrystal.com/images/pdf/9b.pdf","http://media.digikey.com/Photos/TXC%20Technology/9B-SERIES.jpg","887-1874-ND","9B-36.000MAAE-B","TXC CORPORATION","CRYSTAL 36MHZ 12PF THRU",0,0,"0.15251",0,1000,"Bulk","9B","MHz Crystal","36MHz","±30ppm","±30ppm","12pF","80 Ohm","3rd Overtone","-20°C ~ 70°C","-","Through Hole","HC49/US","0.453"" L x 0.197"" W (11.50mm x 5.00mm)","0.145"" (3.68mm)"
"http://www.txccrystal.com/images/pdf/9b.pdf","http://media.digikey.com/Photos/TXC%20Technology/9B-SERIES.jpg","9B-40.000MAAE-B-ND","9B-40.000MAAE-B","TXC CORPORATION","CRYSTAL 40MHZ 12PF THRU",0,0,"0.15251",0,1000,"Bulk","9B","MHz Crystal","40MHz","±30ppm","±30ppm","12pF","80 Ohm","3rd Overtone","-20°C ~ 70°C","-","Through Hole","HC49/US","0.453"" L x 0.197"" W (11.50mm x 5.00mm)","0.145"" (3.68mm)"
"http://www.txccrystal.com/images/pdf/9b.pdf","http://media.digikey.com/Photos/TXC%20Technology/9B-SERIES.jpg","887-1872-ND","9B-35.328MAAE-B","TXC CORPORATION","CRYSTAL 35.328MHZ 12PF THRU",0,0,"0.15251",0,1000,"Bulk","9B","MHz Crystal","35.328MHz","±30ppm","±30ppm","12pF","80 Ohm","3rd Overtone","-20°C ~ 70°C","-","Through Hole","HC49/US","0.453"" L x 0.197"" W (11.50mm x 5.00mm)","0.145"" (3.68mm)"
"http://www.txccrystal.com/images/pdf/9b.pdf","http://media.digikey.com/Photos/TXC%20Technology/9B-SERIES.jpg","9B-54.000MAAE-B-ND","9B-54.000MAAE-B","TXC CORPORATION","CRYSTAL 54MHZ 12PF THRU",0,0,"0.19063",0,1000,"Bulk","9B","MHz Crystal","54MHz","±30ppm","±30ppm","12pF","60 Ohm","3rd Overtone","-20°C ~ 70°C","-","Through Hole","HC49/US","0.453"" L x 0.197"" W (11.50mm x 5.00mm)","0.145"" (3.68mm)"
"http://www.txccrystal.com/images/pdf/9b.pdf","http://media.digikey.com/Photos/TXC%20Technology/9B-SERIES.jpg","9B-60.000MAAE-B-ND","9B-60.000MAAE-B","TXC CORPORATION","CRYSTAL 60MHZ 12PF THRU",0,0,"0.19063",0,1000,"Bulk","9B","MHz Crystal","60MHz","±30ppm","±30ppm","12pF","60 Ohm","3rd Overtone","-20°C ~ 70°C","-","Through Hole","HC49/US","0.453"" L x 0.197"" W (11.50mm x 5.00mm)","0.145"" (3.68mm)"
"http://www.txccrystal.com/images/pdf/9b.pdf","http://media.digikey.com/Photos/TXC%20Technology/9B-SERIES.jpg","9B-64.000MAAE-B-ND","9B-64.000MAAE-B","TXC CORPORATION","CRYSTAL 64MHZ 12PF THRU",0,0,"0.19063",0,1000,"Bulk","9B","MHz Crystal","64MHz","±30ppm","±30ppm","12pF","60 Ohm","3rd Overtone","-20°C ~ 70°C","-","Through Hole","HC49/US","0.453"" L x 0.197"" W (11.50mm x 5.00mm)","0.145"" (3.68mm)"
"http://media.digikey.com/pdf/Data%20Sheets/Epson%20PDFs/CA-301.pdf","http://media.digikey.com/photos/Epson%20Toyocom%20Photos/CA-301%20TYPE.jpg","CA-30132.0000M-C:PBFREE-ND","CA-301 32.0000M-C:PBFREE","EPSON","CRYSTAL 32MHZ 18PF THRU",0,0,"0.38127",0,1000,"Bulk","CA-301","MHz Crystal","32MHz","±30ppm","±30ppm","18pF","100 Ohm","3rd Overtone","-20°C ~ 70°C","-","Through Hole","Cylindrical Can, Radial","0.122"" Dia x 0.350"" L (3.10mm x 8.90mm)","0.350"" (8.90mm)"
"http://media.digikey.com/pdf/Data%20Sheets/Epson%20PDFs/CA-301.pdf","http://media.digikey.com/photos/Epson%20Toyocom%20Photos/CA-301%20TYPE.jpg","CA-30132.7680M-C:PBFREE-ND","CA-301 32.7680M-C:PBFREE","EPSON","CRYSTAL 32.768MHZ 18PF THRU",0,0,"0.38127",0,1000,"Bulk","CA-301","MHz Crystal","32.768MHz","±30ppm","±30ppm","18pF","100 Ohm","3rd Overtone","-20°C ~ 70°C","-","Through Hole","Cylindrical Can, Radial","0.122"" Dia x 0.350"" L (3.10mm x 8.90mm)","0.350"" (8.90mm)"
"http://media.digikey.com/pdf/Data%20Sheets/Epson%20PDFs/CA-301.pdf","http://media.digikey.com/photos/Epson%20Toyocom%20Photos/CA-301%20TYPE.jpg","CA-30133.3330M-C:PBFREE-ND","CA-301 33.3330M-C:PBFREE","EPSON","CRYSTAL 33.333MHZ 18PF THRU",0,0,"0.38127",0,1000,"Bulk","CA-301","MHz Crystal","33.333MHz","±30ppm","±30ppm","18pF","100 Ohm","3rd Overtone","-20°C ~ 70°C","-","Through Hole","Cylindrical Can, Radial","0.122"" Dia x 0.350"" L (3.10mm x 8.90mm)","0.350"" (8.90mm)"
"http://media.digikey.com/pdf/Data%20Sheets/Epson%20PDFs/CA-301.pdf","http://media.digikey.com/photos/Epson%20Toyocom%20Photos/CA-301%20TYPE.jpg","CA-30136.0000M-C:PBFREE-ND","CA-301 36.0000M-C:PBFREE","EPSON","CRYSTAL 36MHZ 18PF THRU",0,0,"0.38127",0,1000,"Bulk","CA-301","MHz Crystal","36MHz","±30ppm","±30ppm","18pF","80 Ohm","3rd Overtone","-20°C ~ 70°C","-","Through Hole","Cylindrical Can, Radial","0.122"" Dia x 0.350"" L (3.10mm x 8.90mm)","0.350"" (8.90mm)"
"http://media.digikey.com/pdf/Data%20Sheets/Epson%20PDFs/CA-301.pdf","http://media.digikey.com/photos/Epson%20Toyocom%20Photos/CA-301%20TYPE.jpg","CA-30146.0000M-C:PBFREE-ND","CA-301 46.0000M-C:PBFREE","EPSON","CRYSTAL 46MHZ 18PF THRU",0,0,"0.38127",0,1000,"Bulk","CA-301","MHz Crystal","46MHz","±30ppm","±30ppm","18pF","80 Ohm","3rd Overtone","-20°C ~ 70°C","-","Through Hole","Cylindrical Can, Radial","0.122"" Dia x 0.350"" L (3.10mm x 8.90mm)","0.350"" (8.90mm)"
"http://media.digikey.com/pdf/Data%20Sheets/Epson%20PDFs/CA-301.pdf","http://media.digikey.com/photos/Epson%20Toyocom%20Photos/CA-301%20TYPE.jpg","CA-30149.8600M-C:PBFREE-ND","CA-301 49.8600M-C:PBFREE","EPSON","CRYSTAL 49.86MHZ 18PF THRU",0,0,"0.38127",0,1000,"Bulk","CA-301","MHz Crystal","49.86MHz","±30ppm","±30ppm","18pF","80 Ohm","3rd Overtone","-20°C ~ 70°C","-","Through Hole","Cylindrical Can, Radial","0.122"" Dia x 0.350"" L (3.10mm x 8.90mm)","0.350"" (8.90mm)"
"http://media.digikey.com/pdf/Data%20Sheets/Epson%20PDFs/CA-301.pdf","http://media.digikey.com/photos/Epson%20Toyocom%20Photos/CA-301%20TYPE.jpg","CA-30150.0000M-C:PBFREE-ND","CA-301 50.0000M-C:PBFREE","EPSON","CRYSTAL 50MHZ 18PF THRU",0,0,"0.38127",0,1000,"Bulk","CA-301","MHz Crystal","50MHz","±30ppm","±30ppm","18pF","80 Ohm","3rd Overtone","-20°C ~ 70°C","-","Through Hole","Cylindrical Can, Radial","0.122"" Dia x 0.350"" L (3.10mm x 8.90mm)","0.350"" (8.90mm)"
"http://media.digikey.com/pdf/Data%20Sheets/Epson%20PDFs/CA-301.pdf","http://media.digikey.com/photos/Epson%20Toyocom%20Photos/CA-301%20TYPE.jpg","CA-30155.0000M-C:PBFREE-ND","CA-301 55.0000M-C:PBFREE","EPSON","CRYSTAL 55MHZ 18PF THRU",0,0,"0.38127",0,1000,"Bulk","CA-301","MHz Crystal","55MHz","±30ppm","±30ppm","18pF","80 Ohm","3rd Overtone","-20°C ~ 70°C","-","Through Hole","Cylindrical Can, Radial","0.122"" Dia x 0.350"" L (3.10mm x 8.90mm)","0.350"" (8.90mm)"
"http://media.digikey.com/pdf/Data%20Sheets/Epson%20PDFs/CA-301.pdf","http://media.digikey.com/photos/Epson%20Toyocom%20Photos/CA-301%20TYPE.jpg","CA-30160.000M-C:PBFREE-ND","CA-301 60.000M-C:PBFREE","EPSON","CRYSTAL 60MHZ 18PF THRU",0,0,"0.52424",0,1000,"Bulk","CA-301","MHz Crystal","60MHz","±30ppm","±30ppm","18pF","80 Ohm","3rd Overtone","-20°C ~ 70°C","-","Through Hole","Cylindrical Can, Radial","0.122"" Dia x 0.350"" L (3.10mm x 8.90mm)","0.350"" (8.90mm)"
"http://media.digikey.com/pdf/Data%20Sheets/Epson%20PDFs/CA-301.pdf","http://media.digikey.com/photos/Epson%20Toyocom%20Photos/CA-301%20TYPE.jpg","SE3448-ND","CA-301 33.0000M-C","EPSON","CRYSTAL 33MHZ 18PF THRU",3,0,"0.53000",0,1,"Bulk","CA-301","MHz Crystal","33MHz","±30ppm","±30ppm","18pF","100 Ohm","3rd Overtone","-20°C ~ 70°C","-","Through Hole","Cylindrical Can, Radial","0.122"" Dia x 0.350"" L (3.10mm x 8.90mm)","0.350"" (8.90mm)"
"http://media.digikey.com/pdf/Data%20Sheets/Epson%20PDFs/CA-301.pdf","http://media.digikey.com/photos/Epson%20Toyocom%20Photos/CA-301%20TYPE.jpg","SER3448-ND","CA-301 33.0000M-C:PBFREE","EPSON","CRYSTAL 33MHZ 18PF THRU",1,0,"0.66000",0,1,"Bulk","CA-301","MHz Crystal","33MHz","±30ppm","±30ppm","18pF","100 Ohm","3rd Overtone","-20°C ~ 70°C","-","Through Hole","Cylindrical Can, Radial","0.122"" Dia x 0.350"" L (3.10mm x 8.90mm)","0.350"" (8.90mm)"
"http://cfm.citizen.co.jp/english/product/pdf/CSA-310_309.pdf","http://media.digikey.com/photos/Citizen%20Amer%20Photos/CSA309%20series.jpg","300-5048-ND","CSA309-27.000MABJ","Citizen Finetech Miyota","CRYSTAL 27MHZ 18PF THRU",0,0,"Call",0,1,"Bulk","CSA309","MHz Crystal","27MHz","±50ppm","±30ppm","18pF","100 Ohm","3rd Overtone","-10°C ~ 60°C","-","Through Hole","Cylindrical Can, Radial","0.118"" Dia x 0.346"" L (3.00mm x 8.80mm)","0.354"" (9.00mm)"
"http://cfm.citizen.co.jp/english/product/pdf/CSA-310_309.pdf","http://media.digikey.com/photos/Citizen%20Amer%20Photos/CSA309%20series.jpg","300-5050-ND","CSA309-28.322MABJ","Citizen Finetech Miyota","CRYSTAL 28.322MHZ 18PF THRU",0,0,"Call",0,1,"Bulk","CSA309","MHz Crystal","28.322MHz","±50ppm","±30ppm","18pF","100 Ohm","3rd Overtone","-10°C ~ 60°C","-","Through Hole","Cylindrical Can, Radial","0.118"" Dia x 0.346"" L (3.00mm x 8.80mm)","0.354"" (9.00mm)"
"http://cfm.citizen.co.jp/english/product/pdf/CSA-310_309.pdf","http://media.digikey.com/photos/Citizen%20Amer%20Photos/CSA309%20series.jpg","300-5051-ND","CSA309-28.63636MABJ","Citizen Finetech Miyota","CRYSTAL 28.63636MHZ 18PF THRU",0,0,"Call",0,1,"Bulk","CSA309","MHz Crystal","28.63636MHz","±50ppm","±30ppm","18pF","100 Ohm","3rd Overtone","-10°C ~ 60°C","-","Through Hole","Cylindrical Can, Radial","0.118"" Dia x 0.346"" L (3.00mm x 8.80mm)","0.354"" (9.00mm)"
"http://cfm.citizen.co.jp/english/product/pdf/CSA-310_309.pdf","http://media.digikey.com/photos/Citizen%20Amer%20Photos/CSA309%20series.jpg","300-5052-ND","CSA309-29.4912MABJ","Citizen Finetech Miyota","CRYSTAL 29.4912MHZ 18PF THRU",0,0,"Call",0,1,"Bulk","CSA309","MHz Crystal","29.4912MHz","±50ppm","±30ppm","18pF","100 Ohm","3rd Overtone","-10°C ~ 60°C","-","Through Hole","Cylindrical Can, Radial","0.118"" Dia x 0.346"" L (3.00mm x 8.80mm)","0.354"" (9.00mm)"
"http://cfm.citizen.co.jp/english/product/pdf/CSA-310_309.pdf","http://media.digikey.com/photos/Citizen%20Amer%20Photos/CSA309%20series.jpg","300-5053-ND","CSA309-30.000MABJ","Citizen Finetech Miyota","CRYSTAL 30MHZ 18PF THRU",0,0,"Call",0,1,"Bulk","CSA309","MHz Crystal","30MHz","±50ppm","±30ppm","18pF","100 Ohm","3rd Overtone","-10°C ~ 60°C","-","Through Hole","Cylindrical Can, Radial","0.118"" Dia x 0.346"" L (3.00mm x 8.80mm)","0.354"" (9.00mm)"
"http://cfm.citizen.co.jp/english/product/pdf/CSA-310_309.pdf","http://media.digikey.com/photos/Citizen%20Amer%20Photos/CSA309%20series.jpg","300-5054-ND","CSA309-32.000MABJ","Citizen Finetech Miyota","CRYSTAL 32MHZ 18PF THRU",0,0,"Call",0,1,"Bulk","CSA309","MHz Crystal","32MHz","±50ppm","±30ppm","18pF","100 Ohm","3rd Overtone","-10°C ~ 60°C","-","Through Hole","Cylindrical Can, Radial","0.118"" Dia x 0.346"" L (3.00mm x 8.80mm)","0.354"" (9.00mm)"
"http://cfm.citizen.co.jp/english/product/pdf/CSA-310_309.pdf","http://media.digikey.com/photos/Citizen%20Amer%20Photos/CSA309%20series.jpg","300-5055-ND","CSA309-32.768MABJ","Citizen Finetech Miyota","CRYSTAL 32.768MHZ 18PF THRU",0,0,"Call",0,1,"Bulk","CSA309","MHz Crystal","32.768MHz","±50ppm","±30ppm","18pF","100 Ohm","3rd Overtone","-10°C ~ 60°C","-","Through Hole","Cylindrical Can, Radial","0.118"" Dia x 0.346"" L (3.00mm x 8.80mm)","0.354"" (9.00mm)"
"http://cfm.citizen.co.jp/english/product/pdf/CSA-310_309.pdf","http://media.digikey.com/photos/Citizen%20Amer%20Photos/CSA309%20series.jpg","300-5057-ND","CSA309-33.3333MABJ","Citizen Finetech Miyota","CRYSTAL 33.3333MHZ 18PF THRU",0,0,"Call",0,1,"Bulk","CSA309","MHz Crystal","33.3333MHz","±50ppm","±30ppm","18pF","100 Ohm","3rd Overtone","-10°C ~ 60°C","-","Through Hole","Cylindrical Can, Radial","0.118"" Dia x 0.346"" L (3.00mm x 8.80mm)","0.354"" (9.00mm)"
"http://cfm.citizen.co.jp/english/product/pdf/CSA-310_309.pdf","http://media.digikey.com/photos/Citizen%20Amer%20Photos/CSA309%20series.jpg","300-5058-ND","CSA309-33.8688MABJ","Citizen Finetech Miyota","CRYSTAL 33.8688MHZ 18PF THRU",0,0,"Call",0,1,"Bulk","CSA309","MHz Crystal","33.8688MHz","±50ppm","±30ppm","18pF","100 Ohm","3rd Overtone","-10°C ~ 60°C","-","Through Hole","Cylindrical Can, Radial","0.118"" Dia x 0.346"" L (3.00mm x 8.80mm)","0.354"" (9.00mm)"
"http://cfm.citizen.co.jp/english/product/pdf/CSA-310_309.pdf","http://media.digikey.com/photos/Citizen%20Amer%20Photos/CSA309%20series.jpg","300-5061-ND","CSA309-48.000MABJ","Citizen Finetech Miyota","CRYSTAL 48MHZ 18PF THRU",0,0,"Call",0,1,"Bulk","CSA309","MHz Crystal","48MHz","±50ppm","±30ppm","18pF","80 Ohm","3rd Overtone","-10°C ~ 60°C","-","Through Hole","Cylindrical Can, Radial","0.118"" Dia x 0.346"" L (3.00mm x 8.80mm)","0.354"" (9.00mm)"
"http://cfm.citizen.co.jp/english/product/pdf/CSA-310_309.pdf","http://media.digikey.com/photos/Citizen%20Amer%20Photos/CSA309%20series.jpg","300-5062-ND","CSA309-49.152MABJ","Citizen Finetech Miyota","CRYSTAL 49.152MHZ 18PF THRU",0,0,"Call",0,1,"Bulk","CSA309","MHz Crystal","49.152MHz","±50ppm","±30ppm","18pF","80 Ohm","3rd Overtone","-10°C ~ 60°C","-","Through Hole","Cylindrical Can, Radial","0.118"" Dia x 0.346"" L (3.00mm x 8.80mm)","0.354"" (9.00mm)"
"http://cfm.citizen.co.jp/english/product/pdf/CSA-310_309.pdf","http://media.digikey.com/photos/Citizen%20Amer%20Photos/CSA309%20series.jpg","300-5063-ND","CSA309-50.000MABJ","Citizen Finetech Miyota","CRYSTAL 50MHZ 18PF THRU",0,0,"Call",0,1,"Bulk","CSA309","MHz Crystal","50MHz","±50ppm","±30ppm","18pF","80 Ohm","3rd Overtone","-10°C ~ 60°C","-","Through Hole","Cylindrical Can, Radial","0.118"" Dia x 0.346"" L (3.00mm x 8.80mm)","0.354"" (9.00mm)"
"http://cfm.citizen.co.jp/english/product/pdf/CSA-310_309.pdf","http://media.digikey.com/photos/Citizen%20Amer%20Photos/CSA309%20series.jpg","300-5065-ND","CSA309-60.000MABJ","Citizen Finetech Miyota","CRYSTAL 60MHZ 18PF THRU",0,0,"Call",0,1,"Bulk","CSA309","MHz Crystal","60MHz","±50ppm","±30ppm","18pF","80 Ohm","3rd Overtone","-10°C ~ 60°C","-","Through Hole","Cylindrical Can, Radial","0.118"" Dia x 0.346"" L (3.00mm x 8.80mm)","0.354"" (9.00mm)"
"http://cfm.citizen.co.jp/english/product/pdf/CSA-310_309.pdf","http://media.digikey.com/photos/Citizen%20Amer%20Photos/CSA309%20series.jpg","300-5066-ND","CSA309-64.000MABJ","Citizen Finetech Miyota","CRYSTAL 64MHZ 18PF THRU",0,0,"Call",0,1,"Bulk","CSA309","MHz Crystal","64MHz","±50ppm","±30ppm","18pF","80 Ohm","3rd Overtone","-10°C ~ 60°C","-","Through Hole","Cylindrical Can, Radial","0.118"" Dia x 0.346"" L (3.00mm x 8.80mm)","0.354"" (9.00mm)"
"http://cfm.citizen.co.jp/english/product/pdf/CSA-310_309.pdf","http://media.digikey.com/photos/Citizen%20Amer%20Photos/CSA309%20series.jpg","300-5067-ND","CSA309-66.6666MABJ","Citizen Finetech Miyota","CRYSTAL 66.6666MHZ 18PF THRU",0,0,"Call",0,1,"Bulk","CSA309","MHz Crystal","66.6666MHz","±50ppm","±30ppm","18pF","80 Ohm","3rd Overtone","-10°C ~ 60°C","-","Through Hole","Cylindrical Can, Radial","0.118"" Dia x 0.346"" L (3.00mm x 8.80mm)","0.354"" (9.00mm)"
"http://cfm.citizen.co.jp/english/product/pdf/CSA-310_309.pdf","http://media.digikey.com/photos/Citizen%20Amer%20Photos/CSA309%20series.jpg","300-8452-ND","CSA309-27.000MABJ-UB","Citizen Finetech Miyota","CRYSTAL 27MHZ 18PF THRU",0,0,"Call",0,1000,"Bulk","CSA309","MHz Crystal","27MHz","±50ppm","±30ppm","18pF","100 Ohm","3rd Overtone","-10°C ~ 60°C","-","Through Hole","Cylindrical Can, Radial","0.118"" Dia x 0.346"" L (3.00mm x 8.80mm)","0.354"" (9.00mm)"
"http://cfm.citizen.co.jp/english/product/pdf/CSA-310_309.pdf","http://media.digikey.com/photos/Citizen%20Amer%20Photos/CSA309%20series.jpg","300-8454-ND","CSA309-28.322MABJ-UB","Citizen Finetech Miyota","CRYSTAL 28.322MHZ 18PF THRU",0,0,"Call",0,1,"Bulk","CSA309","MHz Crystal","28.322MHz","±50ppm","±30ppm","18pF","100 Ohm","3rd Overtone","-10°C ~ 60°C","-","Through Hole","Cylindrical Can, Radial","0.118"" Dia x 0.346"" L (3.00mm x 8.80mm)","0.354"" (9.00mm)"
"http://cfm.citizen.co.jp/english/product/pdf/CSA-310_309.pdf","http://media.digikey.com/photos/Citizen%20Amer%20Photos/CSA309%20series.jpg","300-8455-ND","CSA309-28.63636MABJ-UB","Citizen Finetech Miyota","CRYSTAL 28.63636MHZ 18PF THRU",0,0,"Call",0,1000,"Bulk","CSA309","MHz Crystal","28.63636MHz","±50ppm","±30ppm","18pF","100 Ohm","3rd Overtone","-10°C ~ 60°C","-","Through Hole","Cylindrical Can, Radial","0.118"" Dia x 0.346"" L (3.00mm x 8.80mm)","0.354"" (9.00mm)"
"http://cfm.citizen.co.jp/english/product/pdf/CSA-310_309.pdf","http://media.digikey.com/photos/Citizen%20Amer%20Photos/CSA309%20series.jpg","300-8456-ND","CSA309-29.4912MABJ-UB","Citizen Finetech Miyota","CRYSTAL 29.4912MHZ 18PF THRU",0,0,"Call",0,1,"Bulk","CSA309","MHz Crystal","29.4912MHz","±50ppm","±30ppm","18pF","100 Ohm","3rd Overtone","-10°C ~ 60°C","-","Through Hole","Cylindrical Can, Radial","0.118"" Dia x 0.346"" L (3.00mm x 8.80mm)","0.354"" (9.00mm)"
"http://cfm.citizen.co.jp/english/product/pdf/CSA-310_309.pdf","http://media.digikey.com/photos/Citizen%20Amer%20Photos/CSA309%20series.jpg","300-8457-ND","CSA309-30.000MABJ-UB","Citizen Finetech Miyota","CRYSTAL 30MHZ 18PF THRU",0,0,"Call",0,1,"Bulk","CSA309","MHz Crystal","30MHz","±50ppm","±30ppm","18pF","100 Ohm","3rd Overtone","-10°C ~ 60°C","-","Through Hole","Cylindrical Can, Radial","0.118"" Dia x 0.346"" L (3.00mm x 8.80mm)","0.354"" (9.00mm)"
"http://cfm.citizen.co.jp/english/product/pdf/CSA-310_309.pdf","http://media.digikey.com/photos/Citizen%20Amer%20Photos/CSA309%20series.jpg","300-8458-ND","CSA309-32.000MABJ-UB","Citizen Finetech Miyota","CRYSTAL 32MHZ 18PF THRU",0,0,"Call",0,1000,"Bulk","CSA309","MHz Crystal","32MHz","±50ppm","±30ppm","18pF","100 Ohm","3rd Overtone","-10°C ~ 60°C","-","Through Hole","Cylindrical Can, Radial","0.118"" Dia x 0.346"" L (3.00mm x 8.80mm)","0.354"" (9.00mm)"
"http://cfm.citizen.co.jp/english/product/pdf/CSA-310_309.pdf","http://media.digikey.com/photos/Citizen%20Amer%20Photos/CSA309%20series.jpg","300-8464-ND","CSA309-48.000MABJ-UB","Citizen Finetech Miyota","CRYSTAL 48MHZ 18PF THRU",0,0,"Call",0,1000,"Bulk","CSA309","MHz Crystal","48MHz","±50ppm","±30ppm","18pF","80 Ohm","3rd Overtone","-10°C ~ 60°C","-","Through Hole","Cylindrical Can, Radial","0.118"" Dia x 0.346"" L (3.00mm x 8.80mm)","0.354"" (9.00mm)"
"http://cfm.citizen.co.jp/english/product/pdf/CSA-310_309.pdf","http://media.digikey.com/photos/Citizen%20Amer%20Photos/CSA309%20series.jpg","300-8465-ND","CSA309-49.152MABJ-UB","Citizen Finetech Miyota","CRYSTAL 49.152MHZ 18PF THRU",0,0,"Call",0,1000,"Bulk","CSA309","MHz Crystal","49.152MHz","±50ppm","±30ppm","18pF","80 Ohm","3rd Overtone","-10°C ~ 60°C","-","Through Hole","Cylindrical Can, Radial","0.118"" Dia x 0.346"" L (3.00mm x 8.80mm)","0.354"" (9.00mm)"
"http://cfm.citizen.co.jp/english/product/pdf/CSA-310_309.pdf","http://media.digikey.com/photos/Citizen%20Amer%20Photos/CSA309%20series.jpg","300-8466-ND","CSA309-64.000MABJ-UB","Citizen Finetech Miyota","CRYSTAL 64MHZ 18PF THRU",0,0,"Call",0,1000,"Bulk","CSA309","MHz Crystal","64MHz","±50ppm","±30ppm","18pF","80 Ohm","3rd Overtone","-10°C ~ 60°C","-","Through Hole","Cylindrical Can, Radial","0.118"" Dia x 0.346"" L (3.00mm x 8.80mm)","0.354"" (9.00mm)"
"http://media.digikey.com/pdf/Data%20Sheets/Citizen%20PDFs/HC49US.pdf","http://media.digikey.com/photos/Citizen%20Amer%20Photos/HC49US%20series.jpg","HC49US-35.328MABJTR-ND","HC49US-35.328MABJTR","Citizen Finetech Miyota","CRYSTAL 35.328MHZ 18PF THRU",0,0,"Call",0,1000,"Tape & Reel (TR)","HC-49US","MHz Crystal","35.328MHz","±50ppm","±30ppm","18pF","140 Ohm","3rd Overtone","-10°C ~ 60°C","-","Through Hole","HC49/US","0.453"" L x 0.183"" W (11.50mm x 4.65mm)","0.138"" (3.50mm)"
"http://media.digikey.com/pdf/Data%20Sheets/Citizen%20PDFs/HC49US.pdf","http://media.digikey.com/photos/Citizen%20Amer%20Photos/HC49US%20series.jpg","HC49US-35.328MABJCT-ND","HC49US-35.328MABJTR","Citizen Finetech Miyota","CRYSTAL 35.328MHZ 18PF THRU",0,0,"Call",0,1,"Cut Tape (CT)","HC-49US","MHz Crystal","35.328MHz","±50ppm","±30ppm","18pF","140 Ohm","3rd Overtone","-10°C ~ 60°C","-","Through Hole","HC49/US","0.453"" L x 0.183"" W (11.50mm x 4.65mm)","0.138"" (3.50mm)"
"http://media.digikey.com/pdf/Data%20Sheets/Epson%20PDFs/CA-301.pdf","http://media.digikey.com/photos/Epson%20Toyocom%20Photos/CA-301%20TYPE.jpg","SE3446-ND","CA-301 32.0000M-C","EPSON","CRYSTAL 32MHZ 18PF THRU",0,0,"Call",0,1,"Bulk","CA-301","MHz Crystal","32MHz","±30ppm","±30ppm","18pF","100 Ohm","3rd Overtone","-20°C ~ 70°C","-","Through Hole","Cylindrical Can, Radial","0.122"" Dia x 0.350"" L (3.10mm x 8.90mm)","0.350"" (8.90mm)"
"http://media.digikey.com/pdf/Data%20Sheets/Epson%20PDFs/CA-301.pdf","http://media.digikey.com/photos/Epson%20Toyocom%20Photos/CA-301%20TYPE.jpg","SE3447-ND","CA-301 32.7680M-C","EPSON","CRYSTAL 32.768MHZ 18PF THRU",0,0,"Call",0,1,"Bulk","CA-301","MHz Crystal","32.768MHz","±30ppm","±30ppm","18pF","100 Ohm","3rd Overtone","-20°C ~ 70°C","-","Through Hole","Cylindrical Can, Radial","0.122"" Dia x 0.350"" L (3.10mm x 8.90mm)","0.350"" (8.90mm)"
"http://media.digikey.com/pdf/Data%20Sheets/Epson%20PDFs/CA-301.pdf","http://media.digikey.com/photos/Epson%20Toyocom%20Photos/CA-301%20TYPE.jpg","SE3449-ND","CA-301 33.3330M-C","EPSON","CRYSTAL 33.333MHZ 18PF THRU",0,0,"Call",0,1,"Bulk","CA-301","MHz Crystal","33.333MHz","±30ppm","±30ppm","18pF","100 Ohm","3rd Overtone","-20°C ~ 70°C","-","Through Hole","Cylindrical Can, Radial","0.122"" Dia x 0.350"" L (3.10mm x 8.90mm)","0.350"" (8.90mm)"
"http://media.digikey.com/pdf/Data%20Sheets/Epson%20PDFs/CA-301.pdf","http://media.digikey.com/photos/Epson%20Toyocom%20Photos/CA-301%20TYPE.jpg","SE3451-ND","CA-301 40.0000M-C","EPSON","CRYSTAL 40MHZ 18PF THRU",0,0,"Call",0,1,"Bulk","CA-301","MHz Crystal","40MHz","±30ppm","±30ppm","18pF","80 Ohm","3rd Overtone","-20°C ~ 70°C","-","Through Hole","Cylindrical Can, Radial","0.122"" Dia x 0.350"" L (3.10mm x 8.90mm)","0.350"" (8.90mm)"
"http://media.digikey.com/pdf/Data%20Sheets/Epson%20PDFs/CA-301.pdf","http://media.digikey.com/photos/Epson%20Toyocom%20Photos/CA-301%20TYPE.jpg","SE3452-ND","CA-301 42.0000M-C","EPSON","CRYSTAL 42MHZ 18PF THRU",0,0,"Call",0,2000,"Bulk","CA-301","MHz Crystal","42MHz","±30ppm","±30ppm","18pF","80 Ohm","3rd Overtone","-20°C ~ 70°C","-","Through Hole","Cylindrical Can, Radial","0.122"" Dia x 0.350"" L (3.10mm x 8.90mm)","0.350"" (8.90mm)"
"http://media.digikey.com/pdf/Data%20Sheets/Epson%20PDFs/CA-301.pdf","http://media.digikey.com/photos/Epson%20Toyocom%20Photos/CA-301%20TYPE.jpg","SE3456-ND","CA-301 55.0000M-C","EPSON","CRYSTAL 55MHZ 18PF THRU",0,0,"Call",0,1,"Bulk","CA-301","MHz Crystal","55MHz","±30ppm","±30ppm","18pF","80 Ohm","3rd Overtone","-20°C ~ 70°C","-","Through Hole","Cylindrical Can, Radial","0.122"" Dia x 0.350"" L (3.10mm x 8.90mm)","0.350"" (8.90mm)"
