Reference	[Value (lower bound)	Value	]Value (upper bound	-Tolerance (low bound)	+Tolerance (upper bound)	%rel. tol?	Footprint	Datasheets	Digi-Key Part Number	Manufacturer Part Number	Manufacturer	Voltage (V)	Tolerance	Temperature Coefficent	Price												
C	9.999950e-012	1.000000e-011	1.000005e-011	-5.000000e-006	5.000000e-006	3	0201 (0603 Metric)	http://www.samsungsem.com/servlet/FileDownload?type=spec&file=CL03C100JA3GNNC.pdf	1276-1384-1-ND	CL03C100JA3GNNC	Samsung Electro-Mechanics America, Inc	nan	25V	±5ppm	-55°C ~ 125°C	0.10000											
C	8.000000e-007	1.000000e-006	1.800000e-006	-2.000000e-001	8.000000e-001	2	0805 (2012 Metric)	http://www.yuden.co.jp/or/product/category/capacitor/UMK212F105ZG-T.pdf	587-1308-2-ND	UMK212F105ZG-T	Taiyo Yuden	nan	50V	-20%, +80	-30°C ~ 85°C	0.01602											
C	8.000000e-007	1.000000e-006	1.800000e-006	-2.000000e-001	8.000000e-001	2	0805 (2012 Metric)	http://www.yuden.co.jp/or/product/category/capacitor/UMK212F105ZG-T.pdf	587-1308-1-ND	UMK212F105ZG-T	Taiyo Yuden	nan	50V	-20%, +80%	-30°C ~ 85°C	0.10000											
C	8.000000e-007	1.000000e-006	1.800000e-006	-2.000000e-001	8.000000e-001	2	0805 (2012 Metric)	http://www.yuden.co.jp/or/product/category/capacitor/UMK212F105ZG-T.pdf	587-1308-6-ND	UMK212F105ZG-T	Taiyo Yuden	nan	50V	-20%, +80%	-30°C ~ 85°C	Calculate											
C	8.000000e-006	1.000000e-005	1.800000e-005	-2.000000e-001	8.000000e-001	2	0805 (2012 Metric)	http://www.yageo.com/documents/recent/UPY-GPHC_Y5V_6.3V-to-50V_5.pdf	311-1355-2-ND	CC0805ZKY5V6BB106	Yageo	nan	10V	-20%, +80%	-30°C ~ 85°C	0.02107											
C	8.000000e-006	1.000000e-005	1.800000e-005	-2.000000e-001	8.000000e-001	2	0805 (2012 Metric)	http://www.yageo.com/documents/recent/UPY-GPHC_Y5V_6.3V-to-50V_5.pdf	311-1355-1-ND	CC0805ZKY5V6BB106	Yageo	nan	10V	-20%, +80%	-30°C ~ 85°C	0.13000											
C	8.000000e-006	1.000000e-005	1.800000e-005	-2.000000e-001	8.000000e-001	2	0805 (2012 Metric)	http://www.yageo.com/documents/recent/UPY-GPHC_Y5V_6.3V-to-50V_5.pdf	311-1355-6-ND	CC0805ZKY5V6BB106	Yageo	nan	10V	-20%, +80%	-30°C ~ 85°C	Calculate											
C	8.000000e-006	1.000000e-005	1.800000e-005	-2.000000e-001	8.000000e-001	2	0805 (2012 Metric)	http://www.yuden.co.jp/or/product/category/capacitor/LMK212F106ZG-T.pdf	587-1312-2-ND	LMK212F106ZG-T	Taiyo Yuden	nan	10V	-20%, +80%	-30°C ~ 85°C	0.02640											
C	8.000000e-006	1.000000e-005	1.800000e-005	-2.000000e-001	8.000000e-001	2	0805 (2012 Metric)	http://www.yuden.co.jp/or/product/category/capacitor/LMK212F106ZG-T.pdf	587-1312-1-ND	LMK212F106ZG-T	Taiyo Yuden	nan	10V	-20%, +80%	-30°C ~ 85°C	0.17000											
C	8.000000e-006	1.000000e-005	1.800000e-005	-2.000000e-001	8.000000e-001	2	0805 (2012 Metric)	http://www.yuden.co.jp/or/product/category/capacitor/LMK212F106ZG-T.pdf	587-1312-6-ND	LMK212F106ZG-T	Taiyo Yuden	nan	10V	-20%, +80%	-30°C ~ 85°C	Calculate											
C	8.000000e-008	1.000000e-007	1.800000e-007	-2.000000e-001	8.000000e-001	2	Radial	http://www.vishay.com/docs/45171/kseries.pdf	BC1160TR-ND	K104Z15Y5VF5TL2	Vishay BC Components	nan	50V	-20%, +80%	-30°C ~ 85°C	0.02531											
C	8.000000e-008	1.000000e-007	1.800000e-007	-2.000000e-001	8.000000e-001	2	Radial	http://www.vishay.com/docs/45171/kseries.pdf	BC1160CT-ND	K104Z15Y5VF5TL2	Vishay BC Components	nan	50V	-20%, +80%	-30°C ~ 85°C	0.35000											
C	8.000000e-006	1.000000e-005	1.800000e-005	-2.000000e-001	8.000000e-001	2	1206 (3216 Metric)	http://www.yageo.com/documents/recent/UPY-GPHC_Y5V_6.3V-to-50V_5.pdf	311-1376-2-ND	CC1206ZKY5V7BB106	Yageo	nan	16V	-20%, +80%	-30°C ~ 85°C	0.02770											
C	8.000000e-006	1.000000e-005	1.800000e-005	-2.000000e-001	8.000000e-001	2	1206 (3216 Metric)	http://www.yageo.com/documents/recent/UPY-GPHC_Y5V_6.3V-to-50V_5.pdf	311-1376-1-ND	CC1206ZKY5V7BB106	Yageo	nan	16V	-20%, +80%	-30°C ~ 85°C	0.17000											
C	8.000000e-006	1.000000e-005	1.800000e-005	-2.000000e-001	8.000000e-001	2	1206 (3216 Metric)	http://www.yageo.com/documents/recent/UPY-GPHC_Y5V_6.3V-to-50V_5.pdf	311-1376-6-ND	CC1206ZKY5V7BB106	Yageo	nan	16V	-20%, +80%	-30°C ~ 85°C	Calculate											
C	3.760000e-006	4.700000e-006	8.460000e-006	-2.000000e-001	8.000000e-001	2	1206 (3216 Metric)	http://www.yuden.co.jp/or/product/category/capacitor/GMK316F475ZG-T.pdf	587-2254-2-ND	GMK316F475ZG-T	Taiyo Yuden	nan	35V	-20%, +80%	-30°C ~ 85°C	0.03534											
C	3.760000e-006	4.700000e-006	8.460000e-006	-2.000000e-001	8.000000e-001	2	1206 (3216 Metric)	http://www.yuden.co.jp/or/product/category/capacitor/GMK316F475ZG-T.pdf	587-2254-1-ND	GMK316F475ZG-T	Taiyo Yuden	nan	35V	-20%, +80%	-30°C ~ 85°C	0.20000											
C	3.760000e-006	4.700000e-006	8.460000e-006	-2.000000e-001	8.000000e-001	2	1206 (3216 Metric)	http://www.yuden.co.jp/or/product/category/capacitor/GMK316F475ZG-T.pdf	587-2254-6-ND	GMK316F475ZG-T	Taiyo Yuden	nan	35V	-20%, +80%	-30°C ~ 85°C	Calculate											
C	8.000000e-006	1.000000e-005	1.800000e-005	-2.000000e-001	8.000000e-001	2	1206 (3216 Metric)	http://www.yuden.co.jp/or/product/category/capacitor/TMK316F106ZL-T.pdf	587-1353-2-ND	TMK316F106ZL-T	Taiyo Yuden	nan	25V	-20%, +80%	-30°C ~ 85°C	0.04073											
C	8.000000e-006	1.000000e-005	1.800000e-005	-2.000000e-001	8.000000e-001	2	1206 (3216 Metric)	http://www.yuden.co.jp/or/product/category/capacitor/TMK316F106ZL-T.pdf	587-1353-1-ND	TMK316F106ZL-T	Taiyo Yuden	nan	25V	-20%, +80%	-30°C ~ 85°C	0.23000											
C	8.000000e-006	1.000000e-005	1.800000e-005	-2.000000e-001	8.000000e-001	2	1206 (3216 Metric)	http://www.yuden.co.jp/or/product/category/capacitor/TMK316F106ZL-T.pdf	587-1353-6-ND	TMK316F106ZL-T	Taiyo Yuden	nan	25V	-20%, +80%	-30°C ~ 85°C	Calculate											
C	1.760000e-005	2.200000e-005	3.960000e-005	-2.000000e-001	8.000000e-001	2	1206 (3216 Metric)	http://www.yuden.co.jp/or/product/category/capacitor/LMK316F226ZL-T.pdf	587-1356-2-ND	LMK316F226ZL-T	Taiyo Yuden	nan	10V	-20%, +80%	-30°C ~ 85°C	0.07206											
C	1.760000e-005	2.200000e-005	3.960000e-005	-2.000000e-001	8.000000e-001	2	1206 (3216 Metric)	http://www.yuden.co.jp/or/product/category/capacitor/LMK316F226ZL-T.pdf	587-1356-1-ND	LMK316F226ZL-T	Taiyo Yuden	nan	10V	-20%, +80%	-30°C ~ 85°C	0.34000											
C	1.760000e-005	2.200000e-005	3.960000e-005	-2.000000e-001	8.000000e-001	2	1206 (3216 Metric)	http://www.yuden.co.jp/or/product/category/capacitor/LMK316F226ZL-T.pdf	587-1356-6-ND	LMK316F226ZL-T	Taiyo Yuden	nan	10V	-20%, +80%	-30°C ~ 85°C	Calculate											
C	8.000000e-006	1.000000e-005	1.800000e-005	-2.000000e-001	8.000000e-001	2	1206 (3216 Metric)	http://www.yuden.co.jp/or/product/category/capacitor/GMK316F106ZL-T.pdf	587-1352-2-ND	GMK316F106ZL-T	Taiyo Yuden	nan	35V	-20%, +80%	-30°C ~ 85°C	0.05672											
C	8.000000e-006	1.000000e-005	1.800000e-005	-2.000000e-001	8.000000e-001	2	1206 (3216 Metric)	http://www.yuden.co.jp/or/product/category/capacitor/GMK316F106ZL-T.pdf	587-1352-1-ND	GMK316F106ZL-T	Taiyo Yuden	nan	35V	-20%, +80%	-30°C ~ 85°C	0.31000											
C	8.000000e-006	1.000000e-005	1.800000e-005	-2.000000e-001	8.000000e-001	2	1206 (3216 Metric)	http://www.yuden.co.jp/or/product/category/capacitor/GMK316F106ZL-T.pdf	587-1352-6-ND	GMK316F106ZL-T	Taiyo Yuden	nan	35V	-20%, +80%	-30°C ~ 85°C	Calculate											
C	8.000000e-006	1.000000e-005	1.800000e-005	-2.000000e-001	8.000000e-001	2	1210 (3225 Metric)	http://www.yuden.co.jp/productdata/catalog/en/mlcc101_e.pdf	587-1393-2-ND	TMK325F106ZH-T	Taiyo Yuden	nan	25V	-20%, +80%	-30°C ~ 85°C	0.06236											
C	8.000000e-006	1.000000e-005	1.800000e-005	-2.000000e-001	8.000000e-001	2	1210 (3225 Metric)	http://www.yuden.co.jp/productdata/catalog/en/mlcc101_e.pdf	587-1393-1-ND	TMK325F106ZH-T	Taiyo Yuden	nan	25V	-20%, +80%	-30°C ~ 85°C	0.30000											
C	8.000000e-006	1.000000e-005	1.800000e-005	-2.000000e-001	8.000000e-001	2	1210 (3225 Metric)	http://www.yuden.co.jp/productdata/catalog/en/mlcc101_e.pdf	587-1393-6-ND	TMK325F106ZH-T	Taiyo Yuden	nan	25V	-20%, +80%	-30°C ~ 85°C	Calculate											
C	3.760000e-006	4.700000e-006	8.460000e-006	-2.000000e-001	8.000000e-001	2	1210 (3225 Metric)	http://www.yuden.co.jp/productdata/catalog/en/mlcc101_e.pdf	587-1389-2-ND	UMK325F475ZH-T	Taiyo Yuden	nan	50V	-20%, +80%	-30°C ~ 85°C	0.07725											
C	3.760000e-006	4.700000e-006	8.460000e-006	-2.000000e-001	8.000000e-001	2	1210 (3225 Metric)	http://www.yuden.co.jp/productdata/catalog/en/mlcc101_e.pdf	587-1389-1-ND	UMK325F475ZH-T	Taiyo Yuden	nan	50V	-20%, +80%	-30°C ~ 85°C	0.38000											
C	3.760000e-006	4.700000e-006	8.460000e-006	-2.000000e-001	8.000000e-001	2	1210 (3225 Metric)	http://www.yuden.co.jp/productdata/catalog/en/mlcc101_e.pdf	587-1389-6-ND	UMK325F475ZH-T	Taiyo Yuden	nan	50V	-20%, +80%	-30°C ~ 85°C	Calculate											
C	8.000000e-006	1.000000e-005	1.800000e-005	-2.000000e-001	8.000000e-001	2	1210 (3225 Metric)	http://www.yuden.co.jp/productdata/catalog/en/mlcc101_e.pdf	587-1391-2-ND	GMK325F106ZH-T	Taiyo Yuden	nan	35V	-20%, +80%	-30°C ~ 85°C	0.09383											
C	8.000000e-006	1.000000e-005	1.800000e-005	-2.000000e-001	8.000000e-001	2	1210 (3225 Metric)	http://www.yuden.co.jp/productdata/catalog/en/mlcc101_e.pdf	587-1391-1-ND	GMK325F106ZH-T	Taiyo Yuden	nan	35V	-20%, +80%	-30°C ~ 85°C	0.42000											
C	8.000000e-006	1.000000e-005	1.800000e-005	-2.000000e-001	8.000000e-001	2	1210 (3225 Metric)	http://www.yuden.co.jp/productdata/catalog/en/mlcc101_e.pdf	587-1391-6-ND	GMK325F106ZH-T	Taiyo Yuden	nan	35V	-20%, +80%	-30°C ~ 85°C	Calculate											
C	8.000000e-007	1.000000e-006	1.800000e-006	-2.000000e-001	8.000000e-001	2	Radial	http://www.vishay.com/docs/45171/kseries.pdf	BC1168TR-ND	K105Z20Y5VF5TH5	Vishay BC Components	nan	50V	-20%, +80%	-30°C ~ 85°C	0.06325											
C	8.000000e-007	1.000000e-006	1.800000e-006	-2.000000e-001	8.000000e-001	2	Radial	http://www.vishay.com/docs/45171/kseries.pdf	BC1168CT-ND	K105Z20Y5VF5TH5	Vishay BC Components	nan	50V	-20%, +80%	-30°C ~ 85°C	0.44000											
C	1.000000e-008	1.000000e-008	1.000000e-008	-1.000000e-008	1.000000e-008	4	0201 (0603 Metric)	http://www.samsungsem.com/servlet/FileDownload?type=spec&file=CL03B103KP3NNNC.pdf	1276-1152-1-ND	CL03B103KP3NNNC	Samsung Electro-Mechanics America, Inc	nan	10V	±10ppb	-55°C ~ 125°C	0.10000											
C	2.250000e-012	3.000000e-012	3.750000e-012	-2.500000e-001	2.500000e-001	1	0201 (0603 Metric)	http://www.samsungsem.com/servlet/FileDownload?type=spec&file=CL03C030CA3GNNC.pdf	1276-1366-1-ND	CL03C030CA3GNNC	Samsung Electro-Mechanics America, Inc	nan	25V	±0.25	-55°C ~ 125°C	0.10000											
C	-2.500000e-001	2.200000e-012	2.500000e-001	-2.500000e-001	2.500000e-001	0	0201 (0603 Metric)	http://www.samsungsem.com/servlet/FileDownload?type=spec&file=CL03C2R2CA3GNNC.pdf	1276-1404-1-ND	CL03C2R2CA3GNNC	Samsung Electro-Mechanics America, Inc	nan	25V	±0.25°	-55°C ~ 125°C	0.10000											
C	-5.000000e+000	1.200000e-011	5.000000e+000	-5.000000e+000	5.000000e+000	0	0201 (0603 Metric)	http://www.samsungsem.com/servlet/FileDownload?type=spec&file=CL03C120JA3ANNC.pdf	1276-1387-1-ND	CL03C120JA3ANNC	Samsung Electro-Mechanics America, Inc	nan	25V	±5‰	-55°C ~ 125°C	0.10000											
C	1.140000e-011	1.200000e-011	1.260000e-011	-5.000000e-002	5.000000e-002	2	0201 (0603 Metric)	http://www.samsungsem.com/servlet/FileDownload?type=spec&file=CL03C120JA3GNNC.pdf	1276-1388-1-ND	CL03C120JA3GNNC	Samsung Electro-Mechanics America, Inc	nan	25V	±5%	-55°C ~ 125°C	0.10000											
C	3.135000e-011	3.300000e-011	3.465000e-011	-5.000000e-002	5.000000e-002	2	0201 (0603 Metric)	http://www.samsungsem.com/servlet/FileDownload?type=spec&file=CL03C330JA3ANNC.pdf	1276-1409-1-ND	CL03C330JA3ANNC	Samsung Electro-Mechanics America, Inc	nan	25V	±5%	-55°C ~ 125°C	0.10000											
C	1.350000e-010	1.500000e-010	1.650000e-010	-1.000000e-001	1.000000e-001	2	0201 (0603 Metric)	http://www.samsungsem.com/servlet/FileDownload?type=spec&file=CL03B151KO3NNNC.pdf	1276-1345-1-ND	CL03B151KO3NNNC	Samsung Electro-Mechanics America, Inc	nan	16V	±10%	-55°C ~ 125°C	0.10000											
C	2.970000e-010	3.300000e-010	3.630000e-010	-1.000000e-001	1.000000e-001	2	0201 (0603 Metric)	http://www.samsungsem.com/servlet/FileDownload?type=spec&file=CL03B331KA3NNNC.pdf	1276-1351-1-ND	CL03B331KA3NNNC	Samsung Electro-Mechanics America, Inc	nan	25V	±10%	-55°C ~ 125°C	0.10000											
C	4.230000e-009	4.700000e-009	5.170000e-009	-1.000000e-001	1.000000e-001	2	0201 (0603 Metric)	http://www.samsungsem.com/servlet/FileDownload?type=spec&file=CL03B472KP3NNNC.pdf	1276-1355-1-ND	CL03B472KP3NNNC	Samsung Electro-Mechanics America, Inc	nan	10V	±10%	-55°C ~ 125°C	0.10000											
C	6.120000e-009	6.800000e-009	7.480000e-009	-1.000000e-001	1.000000e-001	2	0201 (0603 Metric)	http://www.samsungsem.com/servlet/FileDownload?type=spec&file=CL03B682KP3NNNC.pdf	1276-1358-1-ND	CL03B682KP3NNNC	Samsung Electro-Mechanics America, Inc	nan	10V	±10%	-55°C ~ 125°C	0.10000											
C	1.550000e-012	1.800000e-012	2.050000e-012	-2.500000e-013	2.500000e-013	0	0201 (0603 Metric)	http://www.samsungsem.com/servlet/FileDownload?type=spec&file=CL03C1R8CA3GNNC.pdf	1276-1400-1-ND	CL03C1R8CA3GNNC	Samsung Electro-Mechanics America, Inc	nan	25V	±0.25pF	-55°C ~ 125°C	0.10000											
C	3.350000e-012	3.600000e-012	3.850000e-012	-2.500000e-013	2.500000e-013	0	0201 (0603 Metric)	http://www.samsungsem.com/servlet/FileDownload?type=spec&file=CL03C3R6CA3GNNC.pdf	1276-1414-1-ND	CL03C3R6CA3GNNC	Samsung Electro-Mechanics America, Inc	nan	25V	±0.25pF	-55°C ~ 125°C	0.10000											
C	3.650000e-012	3.900000e-012	4.150000e-012	-2.500000e-013	2.500000e-013	0	0201 (0603 Metric)	http://www.samsungsem.com/servlet/FileDownload?type=spec&file=CL03C3R9CA3GNNC.pdf	1276-1417-1-ND	CL03C3R9CA3GNNC	Samsung Electro-Mechanics America, Inc	nan	25V	±0.25pF	-55°C ~ 125°C	0.10000											
C	2.000000e-013	3.000000e-013	4.000000e-013	-1.000000e-013	1.000000e-013	0	0201 (0603 Metric)	http://www.samsungsem.com/servlet/FileDownload?type=spec&file=CL03C0R3BA3GNNC.pdf	1276-1375-1-ND	CL03C0R3BA3GNNC	Samsung Electro-Mechanics America, Inc	nan	25V	±0.1pF	-55°C ~ 125°C	0.10000											
C	1.200000e-012	1.300000e-012	1.400000e-012	-1.000000e-013	1.000000e-013	0	0201 (0603 Metric)	http://www.samsungsem.com/servlet/FileDownload?type=spec&file=CL03C1R3BA3GNNC.pdf	1276-1394-1-ND	CL03C1R3BA3GNNC	Samsung Electro-Mechanics America, Inc	nan	25V	±0.1pF	-55°C ~ 125°C	0.10000											
C	1.500000e-012	1.600000e-012	1.700000e-012	-1.000000e-013	1.000000e-013	0	0201 (0603 Metric)	http://www.samsungsem.com/servlet/FileDownload?type=spec&file=CL03C1R6BA3GNNC.pdf	1276-1397-1-ND	CL03C1R6BA3GNNC	Samsung Electro-Mechanics America, Inc	nan	25V	±0.1pF	-55°C ~ 125°C	0.10000											
C	5.000000e-012	5.100000e-012	5.200000e-012	-1.000000e-013	1.000000e-013	0	0201 (0603 Metric)	http://www.samsungsem.com/servlet/FileDownload?type=spec&file=CL03C5R1BA3GNNC.pdf	1276-1424-1-ND	CL03C5R1BA3GNNC	Samsung Electro-Mechanics America, Inc	nan	25V	±0.1pF	-55°C ~ 125°C	0.10000											
C	1.100000e-012	1.200000e-012	1.300000e-012	-1.000000e-013	1.000000e-013	0	0201 (0603 Metric)	http://www.samsungsem.com/servlet/FileDownload?type=spec&file=CL03C1R2BA3GNNC.pdf	1276-1392-1-ND	CL03C1R2BA3GNNC	Samsung Electro-Mechanics America, Inc	nan	25V	±0.1pF	-55°C ~ 125°C	0.41000											
C	6.700000e-012	6.800000e-012	6.900000e-012	-1.000000e-013	1.000000e-013	0	0201 (0603 Metric)	http://www.samsungsem.com/servlet/FileDownload?type=spec&file=CL03C6R8BA3GNNC.pdf	1276-1430-1-ND	CL03C6R8BA3GNNC	Samsung Electro-Mechanics America, Inc	nan	25V	±0.1pF	-55°C ~ 125°C	0.41000											
C	8.100000e-012	8.200000e-012	8.300000e-012	-1.000000e-013	1.000000e-013	0	0201 (0603 Metric)	http://www.samsungsem.com/servlet/FileDownload?type=spec&file=CL03C8R2BA3GNNC.pdf	1276-1435-1-ND	CL03C8R2BA3GNNC	Samsung Electro-Mechanics America, Inc	nan	25V	±0.1pF	-55°C ~ 125°C	0.41000											
C	4.000000e-013	5.000000e-013	6.000000e-013	-1.000000e-013	1.000000e-013	0	0201 (0603 Metric)	http://www.samsungsem.com/servlet/FileDownload?type=spec&file=CL03C0R5BA3GNNC.pdf	1276-1377-1-ND	CL03C0R5BA3GNNC	Samsung Electro-Mechanics America, Inc	nan	25V	±0.1pF	-55°C ~ 125°C	0.48000											
C	1.400000e-012	1.500000e-012	1.600000e-012	-1.000000e-013	1.000000e-013	0	0201 (0603 Metric)	http://www.samsungsem.com/servlet/FileDownload?type=spec&file=CL03C1R5BA3GNNC.pdf	1276-1395-1-ND	CL03C1R5BA3GNNC	Samsung Electro-Mechanics America, Inc	nan	25V	±0.1pF	-55°C ~ 125°C	0.48000											
C	2.100000e-012	2.200000e-012	2.300000e-012	-1.000000e-013	1.000000e-013	0	0201 (0603 Metric)	http://www.samsungsem.com/servlet/FileDownload?type=spec&file=CL03C2R2BA3GNNC.pdf	1276-1403-1-ND	CL03C2R2BA3GNNC	Samsung Electro-Mechanics America, Inc	nan	25V	±0.1pF	-55°C ~ 125°C	0.48000											
C	3.200000e-012	3.300000e-012	3.400000e-012	-1.000000e-013	1.000000e-013	0	0201 (0603 Metric)	http://www.samsungsem.com/servlet/FileDownload?type=spec&file=CL03C3R3BA3GNNC.pdf	1276-1411-1-ND	CL03C3R3BA3GNNC	Samsung Electro-Mechanics America, Inc	nan	25V	±0.1pF	-55°C ~ 125°C	0.48000											
C	3.800000e-012	3.900000e-012	4.000000e-012	-1.000000e-013	1.000000e-013	0	0201 (0603 Metric)	http://www.samsungsem.com/servlet/FileDownload?type=spec&file=CL03C3R9BA3GNNC.pdf	1276-1416-1-ND	CL03C3R9BA3GNNC	Samsung Electro-Mechanics America, Inc	nan	25V	±0.1pF	-55°C ~ 125°C	0.48000											
C	8.850000e-012	9.100000e-012	9.350000e-012	-2.500000e-013	2.500000e-013	0	0201 (0603 Metric)	http://www.samsungsem.com/servlet/FileDownload?type=spec&file=CL03C9R1CA3GNNC.pdf	1276-1438-1-ND	CL03C9R1CA3GNNC	Samsung Electro-Mechanics America, Inc	nan	25V	±0.25pF	-55°C ~ 125°C	0.10000											
C	9.000000e-009	1.000000e-008	1.100000e-008	-1.000000e-001	1.000000e-001	2	0201 (0603 Metric)	http://www.samsungsem.com/servlet/FileDownload?type=spec&file=CL03B103KQ3NNNC.pdf	1276-1344-1-ND	CL03B103KQ3NNNC	Samsung Electro-Mechanics America, Inc	nan	6.3V	±10%	-55°C ~ 125°C	0.10000											
C	2.430000e-010	2.700000e-010	2.970000e-010	-1.000000e-001	1.000000e-001	2	0201 (0603 Metric)	http://www.samsungsem.com/servlet/FileDownload?type=spec&file=CL03B271KO3NNNC.pdf	1276-1350-1-ND	CL03B271KO3NNNC	Samsung Electro-Mechanics America, Inc	nan	16V	±10%	-55°C ~ 125°C	0.10000											
C	3.705000e-011	3.900000e-011	4.095000e-011	-5.000000e-002	5.000000e-002	2	0201 (0603 Metric)	http://www.samsungsem.com/servlet/FileDownload?type=spec&file=CL03C390JA3ANNC.pdf	1276-1410-1-ND	CL03C390JA3ANNC	Samsung Electro-Mechanics America, Inc	nan	25V	±5%	-55°C ~ 125°C	0.10000											
C	5.500000e-012	6.000000e-012	6.500000e-012	-5.000000e-013	5.000000e-013	0	0201 (0603 Metric)	http://www.samsungsem.com/servlet/FileDownload?type=spec&file=CL03C060DA3GNNC.pdf	1276-1370-1-ND	CL03C060DA3GNNC	Samsung Electro-Mechanics America, Inc	nan	25V	±0.5pF	-55°C ~ 125°C	0.10000											
C	9.000000e-012	9.100000e-012	9.200000e-012	-1.000000e-013	1.000000e-013	0	0201 (0603 Metric)	http://www.samsungsem.com/servlet/FileDownload?type=spec&file=CL03C9R1BA3GNNC.pdf	1276-1437-1-ND	CL03C9R1BA3GNNC	Samsung Electro-Mechanics America, Inc	nan	25V	±0.1pF	-55°C ~ 125°C	0.10000											
C	3.050000e-012	3.300000e-012	3.550000e-012	-2.500000e-013	2.500000e-013	0	0201 (0603 Metric)	http://www.samsungsem.com/servlet/FileDownload?type=spec&file=CL03C3R3CA3GNNC.pdf	1276-1412-1-ND	CL03C3R3CA3GNNC	Samsung Electro-Mechanics America, Inc	nan	25V	±0.25pF	-55°C ~ 125°C	0.10000											
C	4.450000e-012	4.700000e-012	4.950000e-012	-2.500000e-013	2.500000e-013	0	0201 (0603 Metric)	http://www.samsungsem.com/servlet/FileDownload?type=spec&file=CL03C4R7CA3GNNC.pdf	1276-1422-1-ND	CL03C4R7CA3GNNC	Samsung Electro-Mechanics America, Inc	nan	25V	±0.25pF	-55°C ~ 125°C	0.10000											
C	2.750000e-012	3.000000e-012	3.250000e-012	-2.500000e-013	2.500000e-013	0	0201 (0603 Metric)	http://www.samsungsem.com/servlet/FileDownload?type=spec&file=CL03C030CB3GNNC.pdf	1276-1367-1-ND	CL03C030CB3GNNC	Samsung Electro-Mechanics America, Inc	nan	50V	±0.25pF	-55°C ~ 125°C	0.10000											
C	1.235000e-011	1.300000e-011	1.365000e-011	-5.000000e-002	5.000000e-002	2	0201 (0603 Metric)	http://www.samsungsem.com/servlet/FileDownload?type=spec&file=CL03C130JA3GNNC.pdf	1276-1389-1-ND	CL03C130JA3GNNC	Samsung Electro-Mechanics America, Inc	nan	25V	±5%	-55°C ~ 125°C	0.10000											
C	4.050000e-012	4.300000e-012	4.550000e-012	-2.500000e-013	2.500000e-013	0	0201 (0603 Metric)	http://www.samsungsem.com/servlet/FileDownload?type=spec&file=CL03C4R3CA3GNNC.pdf	1276-1420-1-ND	CL03C4R3CA3GNNC	Samsung Electro-Mechanics America, Inc	nan	25V	±0.25pF	-55°C ~ 125°C	0.10000											
C	7.250000e-012	7.500000e-012	7.750000e-012	-2.500000e-013	2.500000e-013	0	0201 (0603 Metric)	http://www.samsungsem.com/servlet/FileDownload?type=spec&file=CL03C7R5CA3GNNC.pdf	1276-1433-1-ND	CL03C7R5CA3GNNC	Samsung Electro-Mechanics America, Inc	nan	25V	±0.25pF	-55°C ~ 125°C	0.10000											
C	7.790000e-011	8.200000e-011	8.610000e-011	-5.000000e-002	5.000000e-002	2	0201 (0603 Metric)	http://www.samsungsem.com/servlet/FileDownload?type=spec&file=CL03C820JA3ANNC.pdf	1276-1434-1-ND	CL03C820JA3ANNC	Samsung Electro-Mechanics America, Inc	nan	25V	±5%	-55°C ~ 125°C	0.10000											
C	6.100000e-012	6.200000e-012	6.300000e-012	-1.000000e-013	1.000000e-013	0	0201 (0603 Metric)	http://www.samsungsem.com/servlet/FileDownload?type=spec&file=CL03C6R2BA3GNNC.pdf	1276-1429-1-ND	CL03C6R2BA3GNNC	Samsung Electro-Mechanics America, Inc	nan	25V	±0.1pF	-55°C ~ 125°C	0.10000											
C	6.120000e-009	6.800000e-009	7.480000e-009	-1.000000e-001	1.000000e-001	2	0201 (0603 Metric)	http://www.samsungsem.com/servlet/FileDownload?type=spec&file=CL03B682KQ3NNNC.pdf	1276-1359-1-ND	CL03B682KQ3NNNC	Samsung Electro-Mechanics America, Inc	nan	6.3V	±10%	-55°C ~ 125°C	0.10000											
C	9.500000e-013	1.200000e-012	1.450000e-012	-2.500000e-013	2.500000e-013	0	0201 (0603 Metric)	http://www.samsungsem.com/servlet/FileDownload?type=spec&file=CL03C1R2CA3GNNC.pdf	1276-1393-1-ND	CL03C1R2CA3GNNC	Samsung Electro-Mechanics America, Inc	nan	25V	±0.25pF	-55°C ~ 125°C	0.10000											
C	7.380000e-010	8.200000e-010	9.020000e-010	-1.000000e-001	1.000000e-001	2	0201 (0603 Metric)	http://www.samsungsem.com/servlet/FileDownload?type=spec&file=CL03B821KO3NNNC.pdf	1276-1360-1-ND	CL03B821KO3NNNC	Samsung Electro-Mechanics America, Inc	nan	16V	±10%	-55°C ~ 125°C	0.10000											
C	1.750000e-012	2.000000e-012	2.250000e-012	-2.500000e-013	2.500000e-013	0	0201 (0603 Metric)	http://www.samsungsem.com/servlet/FileDownload?type=spec&file=CL03C020CA3GNNC.pdf	1276-1364-1-ND	CL03C020CA3GNNC	Samsung Electro-Mechanics America, Inc	nan	25V	±0.25pF	-55°C ~ 125°C	0.10000											
C	5.320000e-011	5.600000e-011	5.880000e-011	-5.000000e-002	5.000000e-002	2	0201 (0603 Metric)	http://www.samsungsem.com/servlet/FileDownload?type=spec&file=CL03C560JA3ANNC.pdf	1276-1423-1-ND	CL03C560JA3ANNC	Samsung Electro-Mechanics America, Inc	nan	25V	±5%	-55°C ~ 125°C	0.10000											
C	5.350000e-012	5.600000e-012	5.850000e-012	-2.500000e-013	2.500000e-013	0	0201 (0603 Metric)	http://www.samsungsem.com/servlet/FileDownload?type=spec&file=CL03C5R6CA3GNNC.pdf	1276-1427-1-ND	CL03C5R6CA3GNNC	Samsung Electro-Mechanics America, Inc	nan	25V	±0.25pF	-55°C ~ 125°C	0.10000											
C	1.425000e-011	1.500000e-011	1.575000e-011	-5.000000e-002	5.000000e-002	2	0201 (0603 Metric)	http://www.samsungsem.com/servlet/FileDownload?type=spec&file=CL03C150JA3ANNC.pdf	1276-1390-1-ND	CL03C150JA3ANNC	Samsung Electro-Mechanics America, Inc	nan	25V	±5%	-55°C ~ 125°C	0.10000											
C	2.150000e-012	2.400000e-012	2.650000e-012	-2.500000e-013	2.500000e-013	0	0201 (0603 Metric)	http://www.samsungsem.com/servlet/FileDownload?type=spec&file=CL03C2R4CA3GNNC.pdf	1276-1406-1-ND	CL03C2R4CA3GNNC	Samsung Electro-Mechanics America, Inc	nan	25V	±0.25pF	-55°C ~ 125°C	0.10000											
C	4.850000e-012	5.100000e-012	5.350000e-012	-2.500000e-013	2.500000e-013	0	0201 (0603 Metric)	http://www.samsungsem.com/servlet/FileDownload?type=spec&file=CL03C5R1CA3GNNC.pdf	1276-1425-1-ND	CL03C5R1CA3GNNC	Samsung Electro-Mechanics America, Inc	nan	25V	±0.25pF	-55°C ~ 125°C	0.10000											
C	9.500000e-011	1.000000e-010	1.050000e-010	-5.000000e-002	5.000000e-002	2	0201 (0603 Metric)	http://www.samsungsem.com/servlet/FileDownload?type=spec&file=CL03C101JA3ANNC.pdf	1276-1385-1-ND	CL03C101JA3ANNC	Samsung Electro-Mechanics America, Inc	nan	25V	±5%	-55°C ~ 125°C	0.10000											
C	7.400000e-012	7.500000e-012	7.600000e-012	-1.000000e-013	1.000000e-013	0	0201 (0603 Metric)	http://www.samsungsem.com/servlet/FileDownload?type=spec&file=CL03C7R5BA3GNNC.pdf	1276-1432-1-ND	CL03C7R5BA3GNNC	Samsung Electro-Mechanics America, Inc	nan	25V	±0.1pF	-55°C ~ 125°C	0.10000											
C	4.230000e-009	4.700000e-009	5.170000e-009	-1.000000e-001	1.000000e-001	2	0201 (0603 Metric)	http://www.samsungsem.com/servlet/FileDownload?type=spec&file=CL03B472KQ3NNNC.pdf	1276-1356-1-ND	CL03B472KQ3NNNC	Samsung Electro-Mechanics America, Inc	nan	6.3V	±10%	-55°C ~ 125°C	0.10000											
C	4.200000e-012	4.300000e-012	4.400000e-012	-1.000000e-013	1.000000e-013	0	0201 (0603 Metric)	http://www.samsungsem.com/servlet/FileDownload?type=spec&file=CL03C4R3BA3GNNC.pdf	1276-1419-1-ND	CL03C4R3BA3GNNC	Samsung Electro-Mechanics America, Inc	nan	25V	±0.1pF	-55°C ~ 125°C	0.10000											
C	2.970000e-009	3.300000e-009	3.630000e-009	-1.000000e-001	1.000000e-001	2	0201 (0603 Metric)	http://www.samsungsem.com/servlet/FileDownload?type=spec&file=CL03B332KP3NNNC.pdf	1276-1353-1-ND	CL03B332KP3NNNC	Samsung Electro-Mechanics America, Inc	nan	10V	±10%	-55°C ~ 125°C	0.10000											
C	1.710000e-011	1.800000e-011	1.890000e-011	-5.000000e-002	5.000000e-002	2	0201 (0603 Metric)	http://www.samsungsem.com/servlet/FileDownload?type=spec&file=CL03C180JA3ANNC.pdf	1276-1391-1-ND	CL03C180JA3ANNC	Samsung Electro-Mechanics America, Inc	nan	25V	±5%	-55°C ~ 125°C	0.10000											
C	6.000000e-013	7.000000e-013	8.000000e-013	-1.000000e-013	1.000000e-013	0	0201 (0603 Metric)	http://www.samsungsem.com/servlet/FileDownload?type=spec&file=CL03C0R7BA3GNNC.pdf	1276-1379-1-ND	CL03C0R7BA3GNNC	Samsung Electro-Mechanics America, Inc	nan	25V	±0.1pF	-55°C ~ 125°C	0.10000											
C	7.000000e-013	8.000000e-013	9.000000e-013	-1.000000e-013	1.000000e-013	0	0201 (0603 Metric)	http://www.samsungsem.com/servlet/FileDownload?type=spec&file=CL03C0R8BA3GNNC.pdf	1276-1380-1-ND	CL03C0R8BA3GNNC	Samsung Electro-Mechanics America, Inc	nan	25V	±0.1pF	-55°C ~ 125°C	0.10000											
C	8.000000e-013	9.000000e-013	1.000000e-012	-1.000000e-013	1.000000e-013	0	0201 (0603 Metric)	http://www.samsungsem.com/servlet/FileDownload?type=spec&file=CL03C0R9BA3GNNC.pdf	1276-1382-1-ND	CL03C0R9BA3GNNC	Samsung Electro-Mechanics America, Inc	nan	25V	±0.1pF	-55°C ~ 125°C	0.10000											
C	2.450000e-012	2.700000e-012	2.950000e-012	-2.500000e-013	2.500000e-013	0	0201 (0603 Metric)	http://www.samsungsem.com/servlet/FileDownload?type=spec&file=CL03C2R7CA3GNNC.pdf	1276-1408-1-ND	CL03C2R7CA3GNNC	Samsung Electro-Mechanics America, Inc	nan	25V	±0.25pF	-55°C ~ 125°C	0.10000											
C	5.900000e-012	6.000000e-012	6.100000e-012	-1.000000e-013	1.000000e-013	0	0201 (0603 Metric)	http://www.samsungsem.com/servlet/FileDownload?type=spec&file=CL03C060BA3GNNC.pdf	1276-1369-1-ND	CL03C060BA3GNNC	Samsung Electro-Mechanics America, Inc	nan	25V	±0.1pF	-55°C ~ 125°C	0.10000											
C	4.750000e-012	5.000000e-012	5.250000e-012	-2.500000e-013	2.500000e-013	0	0201 (0603 Metric)	http://www.samsungsem.com/servlet/FileDownload?type=spec&file=CL03C050CA3GNNC.pdf	1276-1368-1-ND	CL03C050CA3GNNC	Samsung Electro-Mechanics America, Inc	nan	25V	±0.25pF	-55°C ~ 125°C	0.10000											
C	3.000000e-013	4.000000e-013	5.000000e-013	-1.000000e-013	1.000000e-013	0	0201 (0603 Metric)	http://www.samsungsem.com/servlet/FileDownload?type=spec&file=CL03C0R4BA3GNNC.pdf	1276-1376-1-ND	CL03C0R4BA3GNNC	Samsung Electro-Mechanics America, Inc	nan	25V	±0.1pF	-55°C ~ 125°C	0.10000											
C	1.980000e-009	2.200000e-009	2.420000e-009	-1.000000e-001	1.000000e-001	2	0201 (0603 Metric)	http://www.samsungsem.com/servlet/FileDownload?type=spec&file=CL03B222KP3NNNC.pdf	1276-1349-1-ND	CL03B222KP3NNNC	Samsung Electro-Mechanics America, Inc	nan	10V	±10%	-55°C ~ 125°C	0.10000											
C	1.900000e-012	2.000000e-012	2.100000e-012	-1.000000e-013	1.000000e-013	0	0201 (0603 Metric)	http://www.samsungsem.com/servlet/FileDownload?type=spec&file=CL03C020BA3GNNC.pdf	1276-1363-1-ND	CL03C020BA3GNNC	Samsung Electro-Mechanics America, Inc	nan	25V	±0.1pF	-55°C ~ 125°C	0.10000											
C	6.460000e-011	6.800000e-011	7.140000e-011	-5.000000e-002	5.000000e-002	2	0201 (0603 Metric)	http://www.samsungsem.com/servlet/FileDownload?type=spec&file=CL03C680JA3ANNC.pdf	1276-1428-1-ND	CL03C680JA3ANNC	Samsung Electro-Mechanics America, Inc	nan	25V	±5%	-55°C ~ 125°C	0.10000											
C	3.550000e-012	3.800000e-012	4.050000e-012	-2.500000e-013	2.500000e-013	0	0201 (0603 Metric)	http://www.samsungsem.com/servlet/FileDownload?type=spec&file=CL03C3R8CA3GNNC.pdf	1276-1415-1-ND	CL03C3R8CA3GNNC	Samsung Electro-Mechanics America, Inc	nan	25V	±0.25pF	-55°C ~ 125°C	0.10000											
C	7.500000e-012	8.000000e-012	8.500000e-012	-5.000000e-013	5.000000e-013	0	0201 (0603 Metric)	http://www.samsungsem.com/servlet/FileDownload?type=spec&file=CL03C080DA3GNNC.pdf	1276-1371-1-ND	CL03C080DA3GNNC	Samsung Electro-Mechanics America, Inc	nan	25V	±0.5pF	-55°C ~ 125°C	0.10000											
C	1.000000e-013	2.000000e-013	3.000000e-013	-1.000000e-013	1.000000e-013	0	0201 (0603 Metric)	http://www.samsungsem.com/servlet/FileDownload?type=spec&file=CL03C0R2BA3GNNC.pdf	1276-1374-1-ND	CL03C0R2BA3GNNC	Samsung Electro-Mechanics America, Inc	nan	25V	±0.1pF	-55°C ~ 125°C	0.10000											
C	3.500000e-012	3.600000e-012	3.700000e-012	-1.000000e-013	1.000000e-013	0	0201 (0603 Metric)	http://www.samsungsem.com/servlet/FileDownload?type=spec&file=CL03C3R6BA3GNNC.pdf	1276-1413-1-ND	CL03C3R6BA3GNNC	Samsung Electro-Mechanics America, Inc	nan	25V	±0.1pF	-55°C ~ 125°C	0.10000											
C	1.700000e-012	1.800000e-012	1.900000e-012	-1.000000e-013	1.000000e-013	0	0201 (0603 Metric)	http://www.samsungsem.com/servlet/FileDownload?type=spec&file=CL03C1R8BA3GNNC.pdf	1276-1399-1-ND	CL03C1R8BA3GNNC	Samsung Electro-Mechanics America, Inc	nan	25V	±0.1pF	-55°C ~ 125°C	0.10000											
C	1.980000e-010	2.200000e-010	2.420000e-010	-1.000000e-001	1.000000e-001	2	0201 (0603 Metric)	http://www.samsungsem.com/servlet/FileDownload?type=spec&file=CL03B221KO3NNNC.pdf	1276-1348-1-ND	CL03B221KO3NNNC	Samsung Electro-Mechanics America, Inc	nan	16V	±10%	-55°C ~ 125°C	0.10000											
C	4.230000e-010	4.700000e-010	5.170000e-010	-1.000000e-001	1.000000e-001	2	0201 (0603 Metric)	http://www.samsungsem.com/servlet/FileDownload?type=spec&file=CL03B471KO3NNNC.pdf	1276-1354-1-ND	CL03B471KO3NNNC	Samsung Electro-Mechanics America, Inc	nan	16V	±10%	-55°C ~ 125°C	0.10000											
C	5.500000e-013	8.000000e-013	1.050000e-012	-2.500000e-013	2.500000e-013	0	0201 (0603 Metric)	http://www.samsungsem.com/servlet/FileDownload?type=spec&file=CL03C0R8CA3GNNC.pdf	1276-1381-1-ND	CL03C0R8CA3GNNC	Samsung Electro-Mechanics America, Inc	nan	25V	±0.25pF	-55°C ~ 125°C	0.10000											
C	8.500000e-012	9.000000e-012	9.500000e-012	-5.000000e-013	5.000000e-013	0	0201 (0603 Metric)	http://www.samsungsem.com/servlet/FileDownload?type=spec&file=CL03C090DA3GNNC.pdf	1276-1373-1-ND	CL03C090DA3GNNC	Samsung Electro-Mechanics America, Inc	nan	25V	±0.5pF	-55°C ~ 125°C	0.10000											
C	9.500000e-012	1.000000e-011	1.050000e-011	-5.000000e-013	5.000000e-013	0	0201 (0603 Metric)	http://www.samsungsem.com/servlet/FileDownload?type=spec&file=CL03C100DA3GNNC.pdf	1276-1383-1-ND	CL03C100DA3GNNC	Samsung Electro-Mechanics America, Inc	nan	25V	±0.5pF	-55°C ~ 125°C	0.10000											
C	1.045000e-011	1.100000e-011	1.155000e-011	-5.000000e-002	5.000000e-002	2	0201 (0603 Metric)	http://www.samsungsem.com/servlet/FileDownload?type=spec&file=CL03C110JA3GNNC.pdf	1276-1386-1-ND	CL03C110JA3GNNC	Samsung Electro-Mechanics America, Inc	nan	25V	±5%	-55°C ~ 125°C	0.10000											
C	1.250000e-012	1.500000e-012	1.750000e-012	-2.500000e-013	2.500000e-013	0	0201 (0603 Metric)	http://www.samsungsem.com/servlet/FileDownload?type=spec&file=CL03C1R5CA3GNNC.pdf	1276-1396-1-ND	CL03C1R5CA3GNNC	Samsung Electro-Mechanics America, Inc	nan	25V	±0.25pF	-55°C ~ 125°C	0.10000											
C	9.000000e-010	1.000000e-009	1.100000e-009	-1.000000e-001	1.000000e-001	2	0201 (0603 Metric)	http://www.samsungsem.com/servlet/FileDownload?type=spec&file=CL03B102KA3NNNC.pdf	1276-1341-1-ND	CL03B102KA3NNNC	Samsung Electro-Mechanics America, Inc	nan	25V	±10%	-55°C ~ 125°C	0.10000											
C	9.000000e-010	1.000000e-009	1.100000e-009	-1.000000e-001	1.000000e-001	2	0201 (0603 Metric)	http://www.samsungsem.com/servlet/FileDownload?type=spec&file=CL03B102KO3NNNC.pdf	1276-1342-1-ND	CL03B102KO3NNNC	Samsung Electro-Mechanics America, Inc	nan	16V	±10%	-55°C ~ 125°C	0.10000											
C	8.750000e-012	9.000000e-012	9.250000e-012	-2.500000e-013	2.500000e-013	0	0201 (0603 Metric)	http://www.samsungsem.com/servlet/FileDownload?type=spec&file=CL03C090CA3GNNC.pdf	1276-1372-1-ND	CL03C090CA3GNNC	Samsung Electro-Mechanics America, Inc	nan	25V	±0.25pF	-55°C ~ 125°C	0.24000											
C	7.950000e-012	8.200000e-012	8.450000e-012	-2.500000e-013	2.500000e-013	0	0201 (0603 Metric)	http://www.samsungsem.com/servlet/FileDownload?type=spec&file=CL03C8R2CA3GNNC.pdf	1276-1436-1-ND	CL03C8R2CA3GNNC	Samsung Electro-Mechanics America, Inc	nan	25V	±0.25pF	-55°C ~ 125°C	0.36000											
C	5.500000e-012	5.600000e-012	5.700000e-012	-1.000000e-013	1.000000e-013	0	0201 (0603 Metric)	http://www.samsungsem.com/servlet/FileDownload?type=spec&file=CL03C5R6BA3GNNC.pdf	1276-1426-1-ND	CL03C5R6BA3GNNC	Samsung Electro-Mechanics America, Inc	nan	25V	±0.1pF	-55°C ~ 125°C	0.41000											
C	4.600000e-012	4.700000e-012	4.800000e-012	-1.000000e-013	1.000000e-013	0	0201 (0603 Metric)	http://www.samsungsem.com/servlet/FileDownload?type=spec&file=CL03C4R7BA3GNNC.pdf	1276-1421-1-ND	CL03C4R7BA3GNNC	Samsung Electro-Mechanics America, Inc	nan	25V	±0.1pF	-55°C ~ 125°C	0.48000											
C	9.000000e-013	1.000000e-012	1.100000e-012	-1.000000e-013	1.000000e-013	0	0201 (0603 Metric)	http://www.samsungsem.com/servlet/FileDownload?type=spec&file=CL03C010BA3GNNC.pdf	1276-1361-1-ND	CL03C010BA3GNNC	Samsung Electro-Mechanics America, Inc	nan	25V	±0.1pF	-55°C ~ 125°C	0.48000											
C	2.600000e-012	2.700000e-012	2.800000e-012	-1.000000e-013	1.000000e-013	0	0201 (0603 Metric)	http://www.samsungsem.com/servlet/FileDownload?type=spec&file=CL03C2R7BA3GNNC.pdf	1276-1407-1-ND	CL03C2R7BA3GNNC	Samsung Electro-Mechanics America, Inc	nan	25V	±0.1pF	-55°C ~ 125°C	0.48000											
C	2.900000e-012	3.000000e-012	3.100000e-012	-1.000000e-013	1.000000e-013	0	0201 (0603 Metric)	http://www.samsungsem.com/servlet/FileDownload?type=spec&file=CL03C030BA3GNNC.pdf	1276-1365-1-ND	CL03C030BA3GNNC	Samsung Electro-Mechanics America, Inc	nan	25V	±0.1pF	-55°C ~ 125°C	0.48000											
C	2.565000e-011	2.700000e-011	2.835000e-011	-5.000000e-002	5.000000e-002	2	0201 (0603 Metric)	http://www.samsungsem.com/servlet/FileDownload?type=spec&file=CL03C270JA3ANNC.pdf	1276-1402-1-ND	CL03C270JA3ANNC	Samsung Electro-Mechanics America, Inc	nan	25V	±5%	-55°C ~ 125°C	0.10000											
C	1.350000e-012	1.600000e-012	1.850000e-012	-2.500000e-013	2.500000e-013	0	0201 (0603 Metric)	http://www.samsungsem.com/servlet/FileDownload?type=spec&file=CL03C1R6CA3GNNC.pdf	1276-1398-1-ND	CL03C1R6CA3GNNC	Samsung Electro-Mechanics America, Inc	nan	25V	±0.25pF	-55°C ~ 125°C	0.10000											
C	6.550000e-012	6.800000e-012	7.050000e-012	-2.500000e-013	2.500000e-013	0	0201 (0603 Metric)	http://www.samsungsem.com/servlet/FileDownload?type=spec&file=CL03C6R8CA3GNNC.pdf	1276-1431-1-ND	CL03C6R8CA3GNNC	Samsung Electro-Mechanics America, Inc	nan	25V	±0.25pF	-55°C ~ 125°C	0.36000											
C	5.000000e-013	6.000000e-013	7.000000e-013	-1.000000e-013	1.000000e-013	0	0201 (0603 Metric)	http://www.samsungsem.com/servlet/FileDownload?type=spec&file=CL03C0R6BA3GNNC.pdf	1276-1378-1-ND	CL03C0R6BA3GNNC	Samsung Electro-Mechanics America, Inc	nan	25V	±0.1pF	-55°C ~ 125°C	0.10000											
C	2.300000e-012	2.400000e-012	2.500000e-012	-1.000000e-013	1.000000e-013	0	0201 (0603 Metric)	http://www.samsungsem.com/servlet/FileDownload?type=spec&file=CL03C2R4BA3GNNC.pdf	1276-1405-1-ND	CL03C2R4BA3GNNC	Samsung Electro-Mechanics America, Inc	nan	25V	±0.1pF	-55°C ~ 125°C	0.10000											
C	7.500000e-013	1.000000e-012	1.250000e-012	-2.500000e-013	2.500000e-013	0	0201 (0603 Metric)	http://www.samsungsem.com/servlet/FileDownload?type=spec&file=CL03C010CA3GNNC.pdf	1276-1362-1-ND	CL03C010CA3GNNC	Samsung Electro-Mechanics America, Inc	nan	25V	0.25pF	-55°C ~ 125°C	0.10000											
C	2.090000e-011	2.200000e-011	2.310000e-011	-5.000000e-002	5.000000e-002	2	0201 (0603 Metric)	http://www.samsungsem.com/servlet/FileDownload?type=spec&file=CL03C220JA3ANNC.pdf	1276-1401-1-ND	CL03C220JA3ANNC	Samsung Electro-Mechanics America, Inc	nan	25V	±5%	-55°C ~ 125°C	0.10000											
C	2.970000e-010	3.300000e-010	3.630000e-010	-1.000000e-001	1.000000e-001	2	0201 (0603 Metric)	http://www.samsungsem.com/servlet/FileDownload?type=spec&file=CL03B331KO3NNNC.pdf	1276-1352-1-ND	CL03B331KO3NNNC	Samsung Electro-Mechanics America, Inc	nan	16V	±10%	-55°C ~ 125°C	0.10000											
C	5.040000e-010	5.600000e-010	6.160000e-010	-1.000000e-001	1.000000e-001	2	0201 (0603 Metric)	http://www.samsungsem.com/servlet/FileDownload?type=spec&file=CL03B561KO3NNNC.pdf	1276-1357-1-ND	CL03B561KO3NNNC	Samsung Electro-Mechanics America, Inc	nan	16V	±10%	-55°C ~ 125°C	0.10000											
C	4.465000e-011	4.700000e-011	4.935000e-011	-5.000000e-002	5.000000e-002	2	0201 (0603 Metric)	http://www.samsungsem.com/servlet/FileDownload?type=spec&file=CL03C470JA3ANNC.pdf	1276-1418-1-ND	CL03C470JA3ANNC	Samsung Electro-Mechanics America, Inc	nan	25V	±5%	-55°C ~ 125°C	0.10000											
C	1.980000e-010	2.200000e-010	2.420000e-010	-1.000000e-001	1.000000e-001	2	0201 (0603 Metric)	http://www.samsungsem.com/servlet/FileDownload?type=spec&file=CL03B221KA3NNNC.pdf	1276-1347-1-ND	CL03B221KA3NNNC	Samsung Electro-Mechanics America, Inc	nan	25V	±10%	-55°C ~ 125°C	0.10000											
C	9.000000e-010	1.000000e-009	1.100000e-009	-1.000000e-001	1.000000e-001	2	0201 (0603 Metric)	http://www.samsungsem.com/servlet/FileDownload?type=spec&file=CL03B102KP3NNNC.pdf	1276-1343-1-ND	CL03B102KP3NNNC	Samsung Electro-Mechanics America, Inc	nan	10V	±10%	-55°C ~ 125°C	Call											
C	1.350000e-009	1.500000e-009	1.650000e-009	-1.000000e-001	1.000000e-001	2	0201 (0603 Metric)	http://www.samsungsem.com/servlet/FileDownload?type=spec&file=CL03B152KP3NNNC.pdf	1276-1346-1-ND	CL03B152KP3NNNC	Samsung Electro-Mechanics America, Inc	nan	10V	±10%	-55°C ~ 125°C	Call											
