"Datasheets","Image","Digi-Key Part Number","Manufacturer Part Number","Manufacturer","Description","Quantity Available","Factory Stock","Unit Price (USD)","@ qty","Minimum Quantity","Packaging","Series","Capacitance","Voltage - Rated","Tolerance","Temperature Coefficient","Mounting Type","Operating Temperature","Applications","Ratings","Package / Case","Size / Dimension","Height - Seated (Max)","Thickness (Max)","Lead Spacing","Features"
"http://www.samsungsem.com/servlet/FileDownload?type=spec&file=CL03C100JA3GNNC.pdf","http://media.digikey.com/Renders/Samsung%20Electro-Mechanics%20America/CL%20Series%200201(0603%20Metric).jpg","1276-1384-1-ND","CL03C100JA3GNNC","Samsung Electro-Mechanics America, Inc","CAP CER 10PF 25V 5% NP0 0201",30790,0,"0.10000",1,1,"Cut Tape (CT)","CL","10pF","25V","±5ppm","C0G, NP0","Surface Mount, MLCC","-55°C ~ 125°C","General Purpose","-","0201 (0603 Metric)","0.024"" L x 0.012"" W (0.60mm x 0.30mm)","-","0.013"" (0.33mm)","-","-"
"http://www.yuden.co.jp/or/product/category/capacitor/UMK212F105ZG-T.pdf","http://media.digikey.com/Renders/Taiyo%20Yuden%20Renders/0805%20Series%20M%20Thick%201.25.jpg","587-1308-2-ND","UMK212F105ZG-T","Taiyo Yuden","CAP CER 1UF 50V Y5V 0805",102000,0,"0.01602",0,3000,"Tape & Reel (TR)","M","1.0µF","50V","-20%, +80","Y5V (F)","Surface Mount, MLCC","-30°C ~ 85°C","General Purpose","-","0805 (2012 Metric)","0.079"" L x 0.049"" W (2.00mm x 1.25mm)","-","0.053"" (1.35mm)","-","-","-"
"http://www.yuden.co.jp/or/product/category/capacitor/UMK212F105ZG-T.pdf","http://media.digikey.com/Renders/Taiyo%20Yuden%20Renders/0805%20Series%20M%20Thick%201.25.jpg","587-1308-1-ND","UMK212F105ZG-T","Taiyo Yuden","CAP CER 1UF 50V Y5V 0805",105570,0,"0.10000",0,1,"Cut Tape (CT)","M","1.0µF","50V","-20%, +80%","Y5V (F)","Surface Mount, MLCC","-30°C ~ 85°C","General Purpose","-","0805 (2012 Metric)","0.079"" L x 0.049"" W (2.00mm x 1.25mm)","-","0.053"" (1.35mm)","-","-","-"
"http://www.yuden.co.jp/or/product/category/capacitor/UMK212F105ZG-T.pdf","http://media.digikey.com/Renders/Taiyo%20Yuden%20Renders/0805%20Series%20M%20Thick%201.25.jpg","587-1308-6-ND","UMK212F105ZG-T","Taiyo Yuden","CAP CER 1UF 50V Y5V 0805",105570,0,"Calculate",0,1,"Digi-Reel®","M","1.0µF","50V","-20%, +80%","Y5V (F)","Surface Mount, MLCC","-30°C ~ 85°C","General Purpose","-","0805 (2012 Metric)","0.079"" L x 0.049"" W (2.00mm x 1.25mm)","-","0.053"" (1.35mm)","-","-","-"
"http://www.yageo.com/documents/recent/UPY-GPHC_Y5V_6.3V-to-50V_5.pdf","http://media.digikey.com/Renders/Yageo%20Renders/0805%2812%5E5mm%20thickness%29.jpg","311-1355-2-ND","CC0805ZKY5V6BB106","Yageo","CAP CER 10UF 10V Y5V 0805",111000,0,"0.02107",0,3000,"Tape & Reel (TR)","CC","10µF","10V","-20%, +80%","Y5V (F)","Surface Mount, MLCC","-30°C ~ 85°C","General Purpose","-","0805 (2012 Metric)","0.079"" L x 0.049"" W (2.00mm x 1.25mm)","-","0.049"" (1.25mm)","-","-","-"
"http://www.yageo.com/documents/recent/UPY-GPHC_Y5V_6.3V-to-50V_5.pdf","http://media.digikey.com/Renders/Yageo%20Renders/0805%2812%5E5mm%20thickness%29.jpg","311-1355-1-ND","CC0805ZKY5V6BB106","Yageo","CAP CER 10UF 10V Y5V 0805",122223,0,"0.13000",0,1,"Cut Tape (CT)","CC","10µF","10V","-20%, +80%","Y5V (F)","Surface Mount, MLCC","-30°C ~ 85°C","General Purpose","-","0805 (2012 Metric)","0.079"" L x 0.049"" W (2.00mm x 1.25mm)","-","0.049"" (1.25mm)","-","-","-"
"http://www.yageo.com/documents/recent/UPY-GPHC_Y5V_6.3V-to-50V_5.pdf","http://media.digikey.com/Renders/Yageo%20Renders/0805%2812%5E5mm%20thickness%29.jpg","311-1355-6-ND","CC0805ZKY5V6BB106","Yageo","CAP CER 10UF 10V Y5V 0805",122223,0,"Calculate",0,1,"Digi-Reel®","CC","10µF","10V","-20%, +80%","Y5V (F)","Surface Mount, MLCC","-30°C ~ 85°C","General Purpose","-","0805 (2012 Metric)","0.079"" L x 0.049"" W (2.00mm x 1.25mm)","-","0.049"" (1.25mm)","-","-","-"
"http://www.yuden.co.jp/or/product/category/capacitor/LMK212F106ZG-T.pdf","http://media.digikey.com/Renders/Taiyo%20Yuden%20Renders/0805%20Series%20M%20Thick%201.25.jpg","587-1312-2-ND","LMK212F106ZG-T","Taiyo Yuden","CAP CER 10UF 10V Y5V 0805",126000,0,"0.02640",0,3000,"Tape & Reel (TR)","M","10µF","10V","-20%, +80%","Y5V (F)","Surface Mount, MLCC","-30°C ~ 85°C","General Purpose","-","0805 (2012 Metric)","0.079"" L x 0.049"" W (2.00mm x 1.25mm)","-","0.053"" (1.35mm)","-","-","-"
"http://www.yuden.co.jp/or/product/category/capacitor/LMK212F106ZG-T.pdf","http://media.digikey.com/Renders/Taiyo%20Yuden%20Renders/0805%20Series%20M%20Thick%201.25.jpg","587-1312-1-ND","LMK212F106ZG-T","Taiyo Yuden","CAP CER 10UF 10V Y5V 0805",128993,0,"0.17000",0,1,"Cut Tape (CT)","M","10µF","10V","-20%, +80%","Y5V (F)","Surface Mount, MLCC","-30°C ~ 85°C","General Purpose","-","0805 (2012 Metric)","0.079"" L x 0.049"" W (2.00mm x 1.25mm)","-","0.053"" (1.35mm)","-","-","-"
"http://www.yuden.co.jp/or/product/category/capacitor/LMK212F106ZG-T.pdf","http://media.digikey.com/Renders/Taiyo%20Yuden%20Renders/0805%20Series%20M%20Thick%201.25.jpg","587-1312-6-ND","LMK212F106ZG-T","Taiyo Yuden","CAP CER 10UF 10V Y5V 0805",128968,0,"Calculate",0,1,"Digi-Reel®","M","10µF","10V","-20%, +80%","Y5V (F)","Surface Mount, MLCC","-30°C ~ 85°C","General Purpose","-","0805 (2012 Metric)","0.079"" L x 0.049"" W (2.00mm x 1.25mm)","-","0.053"" (1.35mm)","-","-","-"
"http://www.vishay.com/docs/45171/kseries.pdf","http://media.digikey.com/Photos/Vishay%20BC%20Photos/K10X7RF5UH5.jpg","BC1160TR-ND","K104Z15Y5VF5TL2","Vishay BC Components","CAP CER 0.1UF 50V RADIAL",80000,0,"0.02531",0,4000,"Tape & Reel (TR)","Mono-Kap™","0.1µF","50V","-20%, +80%","Y5V (F)","Through Hole","-30°C ~ 85°C","General Purpose","-","Radial","0.157"" L x 0.098"" W (4.00mm x 2.50mm)","0.220"" (5.58mm)","-","0.098"" (2.50mm)","-","Straight"
"http://www.vishay.com/docs/45171/kseries.pdf","http://media.digikey.com/Photos/Vishay%20BC%20Photos/K10X7RF5UH5.jpg","BC1160CT-ND","K104Z15Y5VF5TL2","Vishay BC Components","CAP CER 0.1UF 50V RADIAL",83344,0,"0.35000",0,1,"Cut Tape (CT)","Mono-Kap™","0.1µF","50V","-20%, +80%","Y5V (F)","Through Hole","-30°C ~ 85°C","General Purpose","-","Radial","0.157"" L x 0.098"" W (4.00mm x 2.50mm)","0.220"" (5.58mm)","-","0.098"" (2.50mm)","-","Straight"
"http://www.yageo.com/documents/recent/UPY-GPHC_Y5V_6.3V-to-50V_5.pdf","http://media.digikey.com/Renders/Yageo%20Renders/1206%281%5E60mm%20thickness%29.jpg","311-1376-2-ND","CC1206ZKY5V7BB106","Yageo","CAP CER 10UF 16V Y5V 1206",183000,0,"0.02770",0,3000,"Tape & Reel (TR)","CC","10µF","16V","-20%, +80%","Y5V (F)","Surface Mount, MLCC","-30°C ~ 85°C","General Purpose","-","1206 (3216 Metric)","0.126"" L x 0.063"" W (3.20mm x 1.60mm)","-","0.063"" (1.60mm)","-","-","-"
"http://www.yageo.com/documents/recent/UPY-GPHC_Y5V_6.3V-to-50V_5.pdf","http://media.digikey.com/Renders/Yageo%20Renders/1206%281%5E60mm%20thickness%29.jpg","311-1376-1-ND","CC1206ZKY5V7BB106","Yageo","CAP CER 10UF 16V Y5V 1206",185452,0,"0.17000",0,1,"Cut Tape (CT)","CC","10µF","16V","-20%, +80%","Y5V (F)","Surface Mount, MLCC","-30°C ~ 85°C","General Purpose","-","1206 (3216 Metric)","0.126"" L x 0.063"" W (3.20mm x 1.60mm)","-","0.063"" (1.60mm)","-","-","-"
"http://www.yageo.com/documents/recent/UPY-GPHC_Y5V_6.3V-to-50V_5.pdf","http://media.digikey.com/Renders/Yageo%20Renders/1206%281%5E60mm%20thickness%29.jpg","311-1376-6-ND","CC1206ZKY5V7BB106","Yageo","CAP CER 10UF 16V Y5V 1206",185452,0,"Calculate",0,1,"Digi-Reel®","CC","10µF","16V","-20%, +80%","Y5V (F)","Surface Mount, MLCC","-30°C ~ 85°C","General Purpose","-","1206 (3216 Metric)","0.126"" L x 0.063"" W (3.20mm x 1.60mm)","-","0.063"" (1.60mm)","-","-","-"
"http://www.yuden.co.jp/or/product/category/capacitor/GMK316F475ZG-T.pdf","http://media.digikey.com/Renders/Taiyo%20Yuden%20Renders/M%20Series%201206%20(Thick%2012.5).jpg","587-2254-2-ND","GMK316F475ZG-T","Taiyo Yuden","CAP CER 4.7UF 35V Y5V 1206",102000,0,"0.03534",0,3000,"Tape & Reel (TR)","M","4.7µF","35V","-20%, +80%","Y5V (F)","Surface Mount, MLCC","-30°C ~ 85°C","General Purpose","-","1206 (3216 Metric)","0.126"" L x 0.063"" W (3.20mm x 1.60mm)","-","0.053"" (1.35mm)","-","-","-"
"http://www.yuden.co.jp/or/product/category/capacitor/GMK316F475ZG-T.pdf","http://media.digikey.com/Renders/Taiyo%20Yuden%20Renders/M%20Series%201206%20(Thick%2012.5).jpg","587-2254-1-ND","GMK316F475ZG-T","Taiyo Yuden","CAP CER 4.7UF 35V Y5V 1206",102442,0,"0.20000",0,1,"Cut Tape (CT)","M","4.7µF","35V","-20%, +80%","Y5V (F)","Surface Mount, MLCC","-30°C ~ 85°C","General Purpose","-","1206 (3216 Metric)","0.126"" L x 0.063"" W (3.20mm x 1.60mm)","-","0.053"" (1.35mm)","-","-","-"
"http://www.yuden.co.jp/or/product/category/capacitor/GMK316F475ZG-T.pdf","http://media.digikey.com/Renders/Taiyo%20Yuden%20Renders/M%20Series%201206%20(Thick%2012.5).jpg","587-2254-6-ND","GMK316F475ZG-T","Taiyo Yuden","CAP CER 4.7UF 35V Y5V 1206",102442,0,"Calculate",0,1,"Digi-Reel®","M","4.7µF","35V","-20%, +80%","Y5V (F)","Surface Mount, MLCC","-30°C ~ 85°C","General Purpose","-","1206 (3216 Metric)","0.126"" L x 0.063"" W (3.20mm x 1.60mm)","-","0.053"" (1.35mm)","-","-","-"
"http://www.yuden.co.jp/or/product/category/capacitor/TMK316F106ZL-T.pdf","http://media.digikey.com/renders/Taiyo%20Yuden%20Renders/0402%20(MK105).jpg","587-1353-2-ND","TMK316F106ZL-T","Taiyo Yuden","CAP CER 10UF 25V Y5V 1206",88000,0,"0.04073",0,2000,"Tape & Reel (TR)","M","10µF","25V","-20%, +80%","Y5V (F)","Surface Mount, MLCC","-30°C ~ 85°C","General Purpose","-","1206 (3216 Metric)","0.126"" L x 0.063"" W (3.20mm x 1.60mm)","-","0.071"" (1.80mm)","-","-","-"
"http://www.yuden.co.jp/or/product/category/capacitor/TMK316F106ZL-T.pdf","http://media.digikey.com/renders/Taiyo%20Yuden%20Renders/0402%20(MK105).jpg","587-1353-1-ND","TMK316F106ZL-T","Taiyo Yuden","CAP CER 10UF 25V Y5V 1206",89050,0,"0.23000",0,1,"Cut Tape (CT)","M","10µF","25V","-20%, +80%","Y5V (F)","Surface Mount, MLCC","-30°C ~ 85°C","General Purpose","-","1206 (3216 Metric)","0.126"" L x 0.063"" W (3.20mm x 1.60mm)","-","0.071"" (1.80mm)","-","-","-"
"http://www.yuden.co.jp/or/product/category/capacitor/TMK316F106ZL-T.pdf","http://media.digikey.com/renders/Taiyo%20Yuden%20Renders/0402%20(MK105).jpg","587-1353-6-ND","TMK316F106ZL-T","Taiyo Yuden","CAP CER 10UF 25V Y5V 1206",89100,0,"Calculate",0,1,"Digi-Reel®","M","10µF","25V","-20%, +80%","Y5V (F)","Surface Mount, MLCC","-30°C ~ 85°C","General Purpose","-","1206 (3216 Metric)","0.126"" L x 0.063"" W (3.20mm x 1.60mm)","-","0.071"" (1.80mm)","-","-","-"
"http://www.yuden.co.jp/or/product/category/capacitor/LMK316F226ZL-T.pdf","http://media.digikey.com/renders/Taiyo%20Yuden%20Renders/0402%20(MK105).jpg","587-1356-2-ND","LMK316F226ZL-T","Taiyo Yuden","CAP CER 22UF 10V Y5V 1206",96000,0,"0.07206",0,2000,"Tape & Reel (TR)","M","22µF","10V","-20%, +80%","Y5V (F)","Surface Mount, MLCC","-30°C ~ 85°C","General Purpose","-","1206 (3216 Metric)","0.126"" L x 0.063"" W (3.20mm x 1.60mm)","-","0.071"" (1.80mm)","-","-","-"
"http://www.yuden.co.jp/or/product/category/capacitor/LMK316F226ZL-T.pdf","http://media.digikey.com/renders/Taiyo%20Yuden%20Renders/0402%20(MK105).jpg","587-1356-1-ND","LMK316F226ZL-T","Taiyo Yuden","CAP CER 22UF 10V Y5V 1206",100890,0,"0.34000",0,1,"Cut Tape (CT)","M","22µF","10V","-20%, +80%","Y5V (F)","Surface Mount, MLCC","-30°C ~ 85°C","General Purpose","-","1206 (3216 Metric)","0.126"" L x 0.063"" W (3.20mm x 1.60mm)","-","0.071"" (1.80mm)","-","-","-"
"http://www.yuden.co.jp/or/product/category/capacitor/LMK316F226ZL-T.pdf","http://media.digikey.com/renders/Taiyo%20Yuden%20Renders/0402%20(MK105).jpg","587-1356-6-ND","LMK316F226ZL-T","Taiyo Yuden","CAP CER 22UF 10V Y5V 1206",100890,0,"Calculate",0,1,"Digi-Reel®","M","22µF","10V","-20%, +80%","Y5V (F)","Surface Mount, MLCC","-30°C ~ 85°C","General Purpose","-","1206 (3216 Metric)","0.126"" L x 0.063"" W (3.20mm x 1.60mm)","-","0.071"" (1.80mm)","-","-","-"
"http://www.yuden.co.jp/or/product/category/capacitor/GMK316F106ZL-T.pdf","http://media.digikey.com/Renders/Taiyo%20Yuden%20Renders/M%20Series%201206%20(Thick%2012.5).jpg","587-1352-2-ND","GMK316F106ZL-T","Taiyo Yuden","CAP CER 10UF 35V Y5V 1206",314000,0,"0.05672",0,2000,"Tape & Reel (TR)","M","10µF","35V","-20%, +80%","Y5V (F)","Surface Mount, MLCC","-30°C ~ 85°C","General Purpose","-","1206 (3216 Metric)","0.126"" L x 0.063"" W (3.20mm x 1.60mm)","-","0.071"" (1.80mm)","-","-","-"
"http://www.yuden.co.jp/or/product/category/capacitor/GMK316F106ZL-T.pdf","http://media.digikey.com/Renders/Taiyo%20Yuden%20Renders/M%20Series%201206%20(Thick%2012.5).jpg","587-1352-1-ND","GMK316F106ZL-T","Taiyo Yuden","CAP CER 10UF 35V Y5V 1206",315856,0,"0.31000",0,1,"Cut Tape (CT)","M","10µF","35V","-20%, +80%","Y5V (F)","Surface Mount, MLCC","-30°C ~ 85°C","General Purpose","-","1206 (3216 Metric)","0.126"" L x 0.063"" W (3.20mm x 1.60mm)","-","0.071"" (1.80mm)","-","-","-"
"http://www.yuden.co.jp/or/product/category/capacitor/GMK316F106ZL-T.pdf","http://media.digikey.com/Renders/Taiyo%20Yuden%20Renders/M%20Series%201206%20(Thick%2012.5).jpg","587-1352-6-ND","GMK316F106ZL-T","Taiyo Yuden","CAP CER 10UF 35V Y5V 1206",315856,0,"Calculate",0,1,"Digi-Reel®","M","10µF","35V","-20%, +80%","Y5V (F)","Surface Mount, MLCC","-30°C ~ 85°C","General Purpose","-","1206 (3216 Metric)","0.126"" L x 0.063"" W (3.20mm x 1.60mm)","-","0.071"" (1.80mm)","-","-","-"
"http://www.yuden.co.jp/productdata/catalog/en/mlcc101_e.pdf","http://media.digikey.com/renders/Taiyo%20Yuden%20Renders/0402%20(MK105).jpg","587-1393-2-ND","TMK325F106ZH-T","Taiyo Yuden","CAP CER 10UF 25V Y5V 1210",62000,0,"0.06236",0,2000,"Tape & Reel (TR)","M","10µF","25V","-20%, +80%","Y5V (F)","Surface Mount, MLCC","-30°C ~ 85°C","General Purpose","-","1210 (3225 Metric)","0.126"" L x 0.098"" W (3.20mm x 2.50mm)","-","0.063"" (1.60mm)","-","-","-"
"http://www.yuden.co.jp/productdata/catalog/en/mlcc101_e.pdf","http://media.digikey.com/renders/Taiyo%20Yuden%20Renders/0402%20(MK105).jpg","587-1393-1-ND","TMK325F106ZH-T","Taiyo Yuden","CAP CER 10UF 25V Y5V 1210",64163,0,"0.30000",0,1,"Cut Tape (CT)","M","10µF","25V","-20%, +80%","Y5V (F)","Surface Mount, MLCC","-30°C ~ 85°C","General Purpose","-","1210 (3225 Metric)","0.126"" L x 0.098"" W (3.20mm x 2.50mm)","-","0.063"" (1.60mm)","-","-","-"
"http://www.yuden.co.jp/productdata/catalog/en/mlcc101_e.pdf","http://media.digikey.com/renders/Taiyo%20Yuden%20Renders/0402%20(MK105).jpg","587-1393-6-ND","TMK325F106ZH-T","Taiyo Yuden","CAP CER 10UF 25V Y5V 1210",64163,0,"Calculate",0,1,"Digi-Reel®","M","10µF","25V","-20%, +80%","Y5V (F)","Surface Mount, MLCC","-30°C ~ 85°C","General Purpose","-","1210 (3225 Metric)","0.126"" L x 0.098"" W (3.20mm x 2.50mm)","-","0.063"" (1.60mm)","-","-","-"
"http://www.yuden.co.jp/productdata/catalog/en/mlcc101_e.pdf","http://media.digikey.com/Renders/Taiyo%20Yuden%20Renders/1210%20Pkg.jpg","587-1389-2-ND","UMK325F475ZH-T","Taiyo Yuden","CAP CER 4.7UF 50V Y5V 1210",98000,0,"0.07725",0,2000,"Tape & Reel (TR)","M","4.7µF","50V","-20%, +80%","Y5V (F)","Surface Mount, MLCC","-30°C ~ 85°C","General Purpose","-","1210 (3225 Metric)","0.126"" L x 0.098"" W (3.20mm x 2.50mm)","-","0.063"" (1.60mm)","-","-","-"
"http://www.yuden.co.jp/productdata/catalog/en/mlcc101_e.pdf","http://media.digikey.com/Renders/Taiyo%20Yuden%20Renders/1210%20Pkg.jpg","587-1389-1-ND","UMK325F475ZH-T","Taiyo Yuden","CAP CER 4.7UF 50V Y5V 1210",100158,0,"0.38000",0,1,"Cut Tape (CT)","M","4.7µF","50V","-20%, +80%","Y5V (F)","Surface Mount, MLCC","-30°C ~ 85°C","General Purpose","-","1210 (3225 Metric)","0.126"" L x 0.098"" W (3.20mm x 2.50mm)","-","0.063"" (1.60mm)","-","-","-"
"http://www.yuden.co.jp/productdata/catalog/en/mlcc101_e.pdf","http://media.digikey.com/Renders/Taiyo%20Yuden%20Renders/1210%20Pkg.jpg","587-1389-6-ND","UMK325F475ZH-T","Taiyo Yuden","CAP CER 4.7UF 50V Y5V 1210",100158,0,"Calculate",0,1,"Digi-Reel®","M","4.7µF","50V","-20%, +80%","Y5V (F)","Surface Mount, MLCC","-30°C ~ 85°C","General Purpose","-","1210 (3225 Metric)","0.126"" L x 0.098"" W (3.20mm x 2.50mm)","-","0.063"" (1.60mm)","-","-","-"
"http://www.yuden.co.jp/productdata/catalog/en/mlcc101_e.pdf","http://media.digikey.com/renders/Taiyo%20Yuden%20Renders/0402%20(MK105).jpg","587-1391-2-ND","GMK325F106ZH-T","Taiyo Yuden","CAP CER 10UF 35V Y5V 1210",130000,0,"0.09383",0,2000,"Tape & Reel (TR)","M","10µF","35V","-20%, +80%","Y5V (F)","Surface Mount, MLCC","-30°C ~ 85°C","General Purpose","-","1210 (3225 Metric)","0.126"" L x 0.098"" W (3.20mm x 2.50mm)","-","0.063"" (1.60mm)","-","-","-"
"http://www.yuden.co.jp/productdata/catalog/en/mlcc101_e.pdf","http://media.digikey.com/renders/Taiyo%20Yuden%20Renders/0402%20(MK105).jpg","587-1391-1-ND","GMK325F106ZH-T","Taiyo Yuden","CAP CER 10UF 35V Y5V 1210",130978,0,"0.42000",0,1,"Cut Tape (CT)","M","10µF","35V","-20%, +80%","Y5V (F)","Surface Mount, MLCC","-30°C ~ 85°C","General Purpose","-","1210 (3225 Metric)","0.126"" L x 0.098"" W (3.20mm x 2.50mm)","-","0.063"" (1.60mm)","-","-","-"
"http://www.yuden.co.jp/productdata/catalog/en/mlcc101_e.pdf","http://media.digikey.com/renders/Taiyo%20Yuden%20Renders/0402%20(MK105).jpg","587-1391-6-ND","GMK325F106ZH-T","Taiyo Yuden","CAP CER 10UF 35V Y5V 1210",130978,0,"Calculate",0,1,"Digi-Reel®","M","10µF","35V","-20%, +80%","Y5V (F)","Surface Mount, MLCC","-30°C ~ 85°C","General Purpose","-","1210 (3225 Metric)","0.126"" L x 0.098"" W (3.20mm x 2.50mm)","-","0.063"" (1.60mm)","-","-","-"
"http://www.vishay.com/docs/45171/kseries.pdf","http://media.digikey.com/Renders/Vishay%20BC%20Renders/Mono-Kap%20H5.jpg","BC1168TR-ND","K105Z20Y5VF5TH5","Vishay BC Components","CAP CER 1UF 50V RADIAL",3000,0,"0.06325",0,3000,"Tape & Reel (TR)","Mono-Kap™","1.0µF","50V","-20%, +80%","Y5V (F)","Through Hole","-30°C ~ 85°C","General Purpose","-","Radial","0.197"" L x 0.126"" W (5.00mm x 3.20mm)","0.297"" (7.54mm)","-","0.197"" (5.00mm)","-","Formed Leads"
"http://www.vishay.com/docs/45171/kseries.pdf","http://media.digikey.com/Renders/Vishay%20BC%20Renders/Mono-Kap%20H5.jpg","BC1168CT-ND","K105Z20Y5VF5TH5","Vishay BC Components","CAP CER 1UF 50V RADIAL",6554,0,"0.44000",0,1,"Cut Tape (CT)","Mono-Kap™","1.0µF","50V","-20%, +80%","Y5V (F)","Through Hole","-30°C ~ 85°C","General Purpose","-","Radial","0.197"" L x 0.126"" W (5.00mm x 3.20mm)","0.297"" (7.54mm)","-","0.197"" (5.00mm)","-","Formed Leads"
"http://www.samsungsem.com/servlet/FileDownload?type=spec&file=CL03B103KP3NNNC.pdf","http://media.digikey.com/Renders/Samsung%20Electro-Mechanics%20America/CL%20Series%200201(0603%20Metric).jpg","1276-1152-1-ND","CL03B103KP3NNNC","Samsung Electro-Mechanics America, Inc","CAP CER 10000PF 10V 10% X7R 0201",63802,0,"0.10000",1,1,"Cut Tape (CT)","CL","10000pF","10V","±10ppb","X7R","Surface Mount, MLCC","-55°C ~ 125°C","General Purpose","-","0201 (0603 Metric)","0.024"" L x 0.012"" W (0.60mm x 0.30mm)","-","0.013"" (0.33mm)","-","-"
"http://www.samsungsem.com/servlet/FileDownload?type=spec&file=CL03C030CA3GNNC.pdf","http://media.digikey.com/Renders/Samsung%20Electro-Mechanics%20America/CL%20Series%200201(0603%20Metric).jpg","1276-1366-1-ND","CL03C030CA3GNNC","Samsung Electro-Mechanics America, Inc","CAP CER 3PF 25V NP0 0201",40000,0,"0.10000",1,1,"Cut Tape (CT)","CL","3.0pF","25V","±0.25","C0G, NP0","Surface Mount, MLCC","-55°C ~ 125°C","General Purpose","-","0201 (0603 Metric)","0.024"" L x 0.012"" W (0.60mm x 0.30mm)","-","0.013"" (0.33mm)","-","-"
"http://www.samsungsem.com/servlet/FileDownload?type=spec&file=CL03C2R2CA3GNNC.pdf","http://media.digikey.com/Renders/Samsung%20Electro-Mechanics%20America/CL%20Series%200201(0603%20Metric).jpg","1276-1404-1-ND","CL03C2R2CA3GNNC","Samsung Electro-Mechanics America, Inc","CAP CER 2.2PF 25V NP0 0201",48725,0,"0.10000",1,1,"Cut Tape (CT)","CL","2.2pF","25V","±0.25°","C0G, NP0","Surface Mount, MLCC","-55°C ~ 125°C","General Purpose","-","0201 (0603 Metric)","0.024"" L x 0.012"" W (0.60mm x 0.30mm)","-","0.013"" (0.33mm)","-","-"
"http://www.samsungsem.com/servlet/FileDownload?type=spec&file=CL03C120JA3ANNC.pdf","http://media.digikey.com/Renders/Samsung%20Electro-Mechanics%20America/CL%20Series%200201(0603%20Metric).jpg","1276-1387-1-ND","CL03C120JA3ANNC","Samsung Electro-Mechanics America, Inc","CAP CER 12PF 25V 5% NP0 0201",20000,0,"0.10000",1,1,"Cut Tape (CT)","CL","12pF","25V","±5‰","C0G, NP0","Surface Mount, MLCC","-55°C ~ 125°C","General Purpose","-","0201 (0603 Metric)","0.024"" L x 0.012"" W (0.60mm x 0.30mm)","-","0.013"" (0.33mm)","-","-"
"http://www.samsungsem.com/servlet/FileDownload?type=spec&file=CL03C120JA3GNNC.pdf","http://media.digikey.com/Renders/Samsung%20Electro-Mechanics%20America/CL%20Series%200201(0603%20Metric).jpg","1276-1388-1-ND","CL03C120JA3GNNC","Samsung Electro-Mechanics America, Inc","CAP CER 12PF 25V 5% NP0 0201",28750,0,"0.10000",1,1,"Cut Tape (CT)","CL","12pF","25V","±5%","C0G, NP0","Surface Mount, MLCC","-55°C ~ 125°C","General Purpose","-","0201 (0603 Metric)","0.024"" L x 0.012"" W (0.60mm x 0.30mm)","-","0.013"" (0.33mm)","-","-"
"http://www.samsungsem.com/servlet/FileDownload?type=spec&file=CL03C330JA3ANNC.pdf","http://media.digikey.com/Renders/Samsung%20Electro-Mechanics%20America/CL%20Series%200201(0603%20Metric).jpg","1276-1409-1-ND","CL03C330JA3ANNC","Samsung Electro-Mechanics America, Inc","CAP CER 33PF 25V 5% NP0 0201",25645,0,"0.10000",1,1,"Cut Tape (CT)","CL","33pF","25V","±5%","C0G, NP0","Surface Mount, MLCC","-55°C ~ 125°C","General Purpose","-","0201 (0603 Metric)","0.024"" L x 0.012"" W (0.60mm x 0.30mm)","-","0.013"" (0.33mm)","-","-"
"http://www.samsungsem.com/servlet/FileDownload?type=spec&file=CL03B151KO3NNNC.pdf","http://media.digikey.com/Renders/Samsung%20Electro-Mechanics%20America/CL%20Series%200201(0603%20Metric).jpg","1276-1345-1-ND","CL03B151KO3NNNC","Samsung Electro-Mechanics America, Inc","CAP CER 150PF 16V 10% X7R 0201",20000,0,"0.10000",1,1,"Cut Tape (CT)","CL","150pF","16V","±10%","X7R","Surface Mount, MLCC","-55°C ~ 125°C","General Purpose","-","0201 (0603 Metric)","0.024"" L x 0.012"" W (0.60mm x 0.30mm)","-","0.013"" (0.33mm)","-","-"
"http://www.samsungsem.com/servlet/FileDownload?type=spec&file=CL03B331KA3NNNC.pdf","http://media.digikey.com/Renders/Samsung%20Electro-Mechanics%20America/CL%20Series%200201(0603%20Metric).jpg","1276-1351-1-ND","CL03B331KA3NNNC","Samsung Electro-Mechanics America, Inc","CAP CER 330PF 25V 10% X7R 0201",20000,0,"0.10000",1,1,"Cut Tape (CT)","CL","330pF","25V","±10%","X7R","Surface Mount, MLCC","-55°C ~ 125°C","General Purpose","-","0201 (0603 Metric)","0.024"" L x 0.012"" W (0.60mm x 0.30mm)","-","0.013"" (0.33mm)","-","-"
"http://www.samsungsem.com/servlet/FileDownload?type=spec&file=CL03B472KP3NNNC.pdf","http://media.digikey.com/Renders/Samsung%20Electro-Mechanics%20America/CL%20Series%200201(0603%20Metric).jpg","1276-1355-1-ND","CL03B472KP3NNNC","Samsung Electro-Mechanics America, Inc","CAP CER 4700PF 10V 10% X7R 0201",29900,0,"0.10000",1,1,"Cut Tape (CT)","CL","4700pF","10V","±10%","X7R","Surface Mount, MLCC","-55°C ~ 125°C","General Purpose","-","0201 (0603 Metric)","0.024"" L x 0.012"" W (0.60mm x 0.30mm)","-","0.013"" (0.33mm)","-","-"
"http://www.samsungsem.com/servlet/FileDownload?type=spec&file=CL03B682KP3NNNC.pdf","http://media.digikey.com/Renders/Samsung%20Electro-Mechanics%20America/CL%20Series%200201(0603%20Metric).jpg","1276-1358-1-ND","CL03B682KP3NNNC","Samsung Electro-Mechanics America, Inc","CAP CER 6800PF 10V 10% X7R 0201",20000,0,"0.10000",1,1,"Cut Tape (CT)","CL","6800pF","10V","±10%","X7R","Surface Mount, MLCC","-55°C ~ 125°C","General Purpose","-","0201 (0603 Metric)","0.024"" L x 0.012"" W (0.60mm x 0.30mm)","-","0.013"" (0.33mm)","-","-"
"http://www.samsungsem.com/servlet/FileDownload?type=spec&file=CL03C1R8CA3GNNC.pdf","http://media.digikey.com/Renders/Samsung%20Electro-Mechanics%20America/CL%20Series%200201(0603%20Metric).jpg","1276-1400-1-ND","CL03C1R8CA3GNNC","Samsung Electro-Mechanics America, Inc","CAP CER 1.8PF 25V NP0 0201",29400,0,"0.10000",1,1,"Cut Tape (CT)","CL","1.8pF","25V","±0.25pF","C0G, NP0","Surface Mount, MLCC","-55°C ~ 125°C","General Purpose","-","0201 (0603 Metric)","0.024"" L x 0.012"" W (0.60mm x 0.30mm)","-","0.013"" (0.33mm)","-","-"
"http://www.samsungsem.com/servlet/FileDownload?type=spec&file=CL03C3R6CA3GNNC.pdf","http://media.digikey.com/Renders/Samsung%20Electro-Mechanics%20America/CL%20Series%200201(0603%20Metric).jpg","1276-1414-1-ND","CL03C3R6CA3GNNC","Samsung Electro-Mechanics America, Inc","CAP CER 3.6PF 25V NP0 0201",20000,0,"0.10000",1,1,"Cut Tape (CT)","CL","3.6pF","25V","±0.25pF","C0G, NP0","Surface Mount, MLCC","-55°C ~ 125°C","General Purpose","-","0201 (0603 Metric)","0.024"" L x 0.012"" W (0.60mm x 0.30mm)","-","0.013"" (0.33mm)","-","-"
"http://www.samsungsem.com/servlet/FileDownload?type=spec&file=CL03C3R9CA3GNNC.pdf","http://media.digikey.com/Renders/Samsung%20Electro-Mechanics%20America/CL%20Series%200201(0603%20Metric).jpg","1276-1417-1-ND","CL03C3R9CA3GNNC","Samsung Electro-Mechanics America, Inc","CAP CER 3.9PF 25V NP0 0201",29500,0,"0.10000",1,1,"Cut Tape (CT)","CL","3.9pF","25V","±0.25pF","C0G, NP0","Surface Mount, MLCC","-55°C ~ 125°C","General Purpose","-","0201 (0603 Metric)","0.024"" L x 0.012"" W (0.60mm x 0.30mm)","-","0.013"" (0.33mm)","-","-"
"http://www.samsungsem.com/servlet/FileDownload?type=spec&file=CL03C0R3BA3GNNC.pdf","http://media.digikey.com/Renders/Samsung%20Electro-Mechanics%20America/CL%20Series%200201(0603%20Metric).jpg","1276-1375-1-ND","CL03C0R3BA3GNNC","Samsung Electro-Mechanics America, Inc","CAP CER 0.3PF 25V NP0 0201",39950,0,"0.10000",1,1,"Cut Tape (CT)","CL","0.30pF","25V","±0.1pF","C0G, NP0","Surface Mount, MLCC","-55°C ~ 125°C","General Purpose","-","0201 (0603 Metric)","0.024"" L x 0.012"" W (0.60mm x 0.30mm)","-","0.013"" (0.33mm)","-","-"
"http://www.samsungsem.com/servlet/FileDownload?type=spec&file=CL03C1R3BA3GNNC.pdf","http://media.digikey.com/Renders/Samsung%20Electro-Mechanics%20America/CL%20Series%200201(0603%20Metric).jpg","1276-1394-1-ND","CL03C1R3BA3GNNC","Samsung Electro-Mechanics America, Inc","CAP CER 1.3PF 25V NP0 0201",20000,0,"0.10000",1,1,"Cut Tape (CT)","CL","1.3pF","25V","±0.1pF","C0G, NP0","Surface Mount, MLCC","-55°C ~ 125°C","General Purpose","-","0201 (0603 Metric)","0.024"" L x 0.012"" W (0.60mm x 0.30mm)","-","0.013"" (0.33mm)","-","-"
"http://www.samsungsem.com/servlet/FileDownload?type=spec&file=CL03C1R6BA3GNNC.pdf","http://media.digikey.com/Renders/Samsung%20Electro-Mechanics%20America/CL%20Series%200201(0603%20Metric).jpg","1276-1397-1-ND","CL03C1R6BA3GNNC","Samsung Electro-Mechanics America, Inc","CAP CER 1.6PF 25V NP0 0201",20000,0,"0.10000",1,1,"Cut Tape (CT)","CL","1.6pF","25V","±0.1pF","C0G, NP0","Surface Mount, MLCC","-55°C ~ 125°C","General Purpose","-","0201 (0603 Metric)","0.024"" L x 0.012"" W (0.60mm x 0.30mm)","-","0.013"" (0.33mm)","-","-"
"http://www.samsungsem.com/servlet/FileDownload?type=spec&file=CL03C5R1BA3GNNC.pdf","http://media.digikey.com/Renders/Samsung%20Electro-Mechanics%20America/CL%20Series%200201(0603%20Metric).jpg","1276-1424-1-ND","CL03C5R1BA3GNNC","Samsung Electro-Mechanics America, Inc","CAP CER 5.1PF 25V NP0 0201",29500,0,"0.10000",1,1,"Cut Tape (CT)","CL","5.1pF","25V","±0.1pF","C0G, NP0","Surface Mount, MLCC","-55°C ~ 125°C","General Purpose","-","0201 (0603 Metric)","0.024"" L x 0.012"" W (0.60mm x 0.30mm)","-","0.013"" (0.33mm)","-","-"
"http://www.samsungsem.com/servlet/FileDownload?type=spec&file=CL03C1R2BA3GNNC.pdf","http://media.digikey.com/Renders/Samsung%20Electro-Mechanics%20America/CL%20Series%200201(0603%20Metric).jpg","1276-1392-1-ND","CL03C1R2BA3GNNC","Samsung Electro-Mechanics America, Inc","CAP CER 1.2PF 25V NP0 0201",20000,0,"0.41000",1,1,"Cut Tape (CT)","CL","1.2pF","25V","±0.1pF","C0G, NP0","Surface Mount, MLCC","-55°C ~ 125°C","General Purpose","-","0201 (0603 Metric)","0.024"" L x 0.012"" W (0.60mm x 0.30mm)","-","0.013"" (0.33mm)","-","-"
"http://www.samsungsem.com/servlet/FileDownload?type=spec&file=CL03C6R8BA3GNNC.pdf","http://media.digikey.com/Renders/Samsung%20Electro-Mechanics%20America/CL%20Series%200201(0603%20Metric).jpg","1276-1430-1-ND","CL03C6R8BA3GNNC","Samsung Electro-Mechanics America, Inc","CAP CER 6.8PF 25V NP0 0201",20000,0,"0.41000",1,1,"Cut Tape (CT)","CL","6.8pF","25V","±0.1pF","C0G, NP0","Surface Mount, MLCC","-55°C ~ 125°C","General Purpose","-","0201 (0603 Metric)","0.024"" L x 0.012"" W (0.60mm x 0.30mm)","-","0.013"" (0.33mm)","-","-"
"http://www.samsungsem.com/servlet/FileDownload?type=spec&file=CL03C8R2BA3GNNC.pdf","http://media.digikey.com/Renders/Samsung%20Electro-Mechanics%20America/CL%20Series%200201(0603%20Metric).jpg","1276-1435-1-ND","CL03C8R2BA3GNNC","Samsung Electro-Mechanics America, Inc","CAP CER 8.2PF 25V NP0 0201",20000,0,"0.41000",1,1,"Cut Tape (CT)","CL","8.2pF","25V","±0.1pF","C0G, NP0","Surface Mount, MLCC","-55°C ~ 125°C","General Purpose","-","0201 (0603 Metric)","0.024"" L x 0.012"" W (0.60mm x 0.30mm)","-","0.013"" (0.33mm)","-","-"
"http://www.samsungsem.com/servlet/FileDownload?type=spec&file=CL03C0R5BA3GNNC.pdf","http://media.digikey.com/Renders/Samsung%20Electro-Mechanics%20America/CL%20Series%200201(0603%20Metric).jpg","1276-1377-1-ND","CL03C0R5BA3GNNC","Samsung Electro-Mechanics America, Inc","CAP CER 0.5PF 25V NP0 0201",20000,0,"0.48000",1,1,"Cut Tape (CT)","CL","0.50pF","25V","±0.1pF","C0G, NP0","Surface Mount, MLCC","-55°C ~ 125°C","General Purpose","-","0201 (0603 Metric)","0.024"" L x 0.012"" W (0.60mm x 0.30mm)","-","0.013"" (0.33mm)","-","-"
"http://www.samsungsem.com/servlet/FileDownload?type=spec&file=CL03C1R5BA3GNNC.pdf","http://media.digikey.com/Renders/Samsung%20Electro-Mechanics%20America/CL%20Series%200201(0603%20Metric).jpg","1276-1395-1-ND","CL03C1R5BA3GNNC","Samsung Electro-Mechanics America, Inc","CAP CER 1.5PF 25V NP0 0201",20000,0,"0.48000",1,1,"Cut Tape (CT)","CL","1.5pF","25V","±0.1pF","C0G, NP0","Surface Mount, MLCC","-55°C ~ 125°C","General Purpose","-","0201 (0603 Metric)","0.024"" L x 0.012"" W (0.60mm x 0.30mm)","-","0.013"" (0.33mm)","-","-"
"http://www.samsungsem.com/servlet/FileDownload?type=spec&file=CL03C2R2BA3GNNC.pdf","http://media.digikey.com/Renders/Samsung%20Electro-Mechanics%20America/CL%20Series%200201(0603%20Metric).jpg","1276-1403-1-ND","CL03C2R2BA3GNNC","Samsung Electro-Mechanics America, Inc","CAP CER 2.2PF 25V NP0 0201",20000,0,"0.48000",1,1,"Cut Tape (CT)","CL","2.2pF","25V","±0.1pF","C0G, NP0","Surface Mount, MLCC","-55°C ~ 125°C","General Purpose","-","0201 (0603 Metric)","0.024"" L x 0.012"" W (0.60mm x 0.30mm)","-","0.013"" (0.33mm)","-","-"
"http://www.samsungsem.com/servlet/FileDownload?type=spec&file=CL03C3R3BA3GNNC.pdf","http://media.digikey.com/Renders/Samsung%20Electro-Mechanics%20America/CL%20Series%200201(0603%20Metric).jpg","1276-1411-1-ND","CL03C3R3BA3GNNC","Samsung Electro-Mechanics America, Inc","CAP CER 3.3PF 25V NP0 0201",20000,0,"0.48000",1,1,"Cut Tape (CT)","CL","3.3pF","25V","±0.1pF","C0G, NP0","Surface Mount, MLCC","-55°C ~ 125°C","General Purpose","-","0201 (0603 Metric)","0.024"" L x 0.012"" W (0.60mm x 0.30mm)","-","0.013"" (0.33mm)","-","-"
"http://www.samsungsem.com/servlet/FileDownload?type=spec&file=CL03C3R9BA3GNNC.pdf","http://media.digikey.com/Renders/Samsung%20Electro-Mechanics%20America/CL%20Series%200201(0603%20Metric).jpg","1276-1416-1-ND","CL03C3R9BA3GNNC","Samsung Electro-Mechanics America, Inc","CAP CER 3.9PF 25V NP0 0201",20000,0,"0.48000",1,1,"Cut Tape (CT)","CL","3.9pF","25V","±0.1pF","C0G, NP0","Surface Mount, MLCC","-55°C ~ 125°C","General Purpose","-","0201 (0603 Metric)","0.024"" L x 0.012"" W (0.60mm x 0.30mm)","-","0.013"" (0.33mm)","-","-"
"http://www.samsungsem.com/servlet/FileDownload?type=spec&file=CL03C9R1CA3GNNC.pdf","http://media.digikey.com/Renders/Samsung%20Electro-Mechanics%20America/CL%20Series%200201(0603%20Metric).jpg","1276-1438-1-ND","CL03C9R1CA3GNNC","Samsung Electro-Mechanics America, Inc","CAP CER 9.1PF 25V NP0 0201",29900,0,"0.10000",1,1,"Cut Tape (CT)","CL","9.1pF","25V","±0.25pF","C0G, NP0","Surface Mount, MLCC","-55°C ~ 125°C","General Purpose","-","0201 (0603 Metric)","0.024"" L x 0.012"" W (0.60mm x 0.30mm)","-","0.013"" (0.33mm)","-","-"
"http://www.samsungsem.com/servlet/FileDownload?type=spec&file=CL03B103KQ3NNNC.pdf","http://media.digikey.com/Renders/Samsung%20Electro-Mechanics%20America/CL%20Series%200201(0603%20Metric).jpg","1276-1344-1-ND","CL03B103KQ3NNNC","Samsung Electro-Mechanics America, Inc","CAP CER 10000PF 6.3V X7R 0201",28740,0,"0.10000",1,1,"Cut Tape (CT)","CL","10000pF","6.3V","±10%","X7R","Surface Mount, MLCC","-55°C ~ 125°C","General Purpose","-","0201 (0603 Metric)","0.024"" L x 0.012"" W (0.60mm x 0.30mm)","-","0.013"" (0.33mm)","-","-"
"http://www.samsungsem.com/servlet/FileDownload?type=spec&file=CL03B271KO3NNNC.pdf","http://media.digikey.com/Renders/Samsung%20Electro-Mechanics%20America/CL%20Series%200201(0603%20Metric).jpg","1276-1350-1-ND","CL03B271KO3NNNC","Samsung Electro-Mechanics America, Inc","CAP CER 270PF 16V 10% X7R 0201",27700,0,"0.10000",1,1,"Cut Tape (CT)","CL","270pF","16V","±10%","X7R","Surface Mount, MLCC","-55°C ~ 125°C","General Purpose","-","0201 (0603 Metric)","0.024"" L x 0.012"" W (0.60mm x 0.30mm)","-","0.013"" (0.33mm)","-","-"
"http://www.samsungsem.com/servlet/FileDownload?type=spec&file=CL03C390JA3ANNC.pdf","http://media.digikey.com/Renders/Samsung%20Electro-Mechanics%20America/CL%20Series%200201(0603%20Metric).jpg","1276-1410-1-ND","CL03C390JA3ANNC","Samsung Electro-Mechanics America, Inc","CAP CER 39PF 25V 5% NP0 0201",19990,0,"0.10000",1,1,"Cut Tape (CT)","CL","39pF","25V","±5%","C0G, NP0","Surface Mount, MLCC","-55°C ~ 125°C","General Purpose","-","0201 (0603 Metric)","0.024"" L x 0.012"" W (0.60mm x 0.30mm)","-","0.013"" (0.33mm)","-","-"
"http://www.samsungsem.com/servlet/FileDownload?type=spec&file=CL03C060DA3GNNC.pdf","http://media.digikey.com/Renders/Samsung%20Electro-Mechanics%20America/CL%20Series%200201(0603%20Metric).jpg","1276-1370-1-ND","CL03C060DA3GNNC","Samsung Electro-Mechanics America, Inc","CAP CER 6PF 25V NP0 0201",19975,0,"0.10000",1,1,"Cut Tape (CT)","CL","6.0pF","25V","±0.5pF","C0G, NP0","Surface Mount, MLCC","-55°C ~ 125°C","General Purpose","-","0201 (0603 Metric)","0.024"" L x 0.012"" W (0.60mm x 0.30mm)","-","0.013"" (0.33mm)","-","-"
"http://www.samsungsem.com/servlet/FileDownload?type=spec&file=CL03C9R1BA3GNNC.pdf","http://media.digikey.com/Renders/Samsung%20Electro-Mechanics%20America/CL%20Series%200201(0603%20Metric).jpg","1276-1437-1-ND","CL03C9R1BA3GNNC","Samsung Electro-Mechanics America, Inc","CAP CER 9.1PF 25V NP0 0201",19950,0,"0.10000",1,1,"Cut Tape (CT)","CL","9.1pF","25V","±0.1pF","C0G, NP0","Surface Mount, MLCC","-55°C ~ 125°C","General Purpose","-","0201 (0603 Metric)","0.024"" L x 0.012"" W (0.60mm x 0.30mm)","-","0.013"" (0.33mm)","-","-"
"http://www.samsungsem.com/servlet/FileDownload?type=spec&file=CL03C3R3CA3GNNC.pdf","http://media.digikey.com/Renders/Samsung%20Electro-Mechanics%20America/CL%20Series%200201(0603%20Metric).jpg","1276-1412-1-ND","CL03C3R3CA3GNNC","Samsung Electro-Mechanics America, Inc","CAP CER 3.3PF 25V NP0 0201",19925,0,"0.10000",1,1,"Cut Tape (CT)","CL","3.3pF","25V","±0.25pF","C0G, NP0","Surface Mount, MLCC","-55°C ~ 125°C","General Purpose","-","0201 (0603 Metric)","0.024"" L x 0.012"" W (0.60mm x 0.30mm)","-","0.013"" (0.33mm)","-","-"
"http://www.samsungsem.com/servlet/FileDownload?type=spec&file=CL03C4R7CA3GNNC.pdf","http://media.digikey.com/Renders/Samsung%20Electro-Mechanics%20America/CL%20Series%200201(0603%20Metric).jpg","1276-1422-1-ND","CL03C4R7CA3GNNC","Samsung Electro-Mechanics America, Inc","CAP CER 4.7PF 25V NP0 0201",19925,0,"0.10000",1,1,"Cut Tape (CT)","CL","4.7pF","25V","±0.25pF","C0G, NP0","Surface Mount, MLCC","-55°C ~ 125°C","General Purpose","-","0201 (0603 Metric)","0.024"" L x 0.012"" W (0.60mm x 0.30mm)","-","0.013"" (0.33mm)","-","-"
"http://www.samsungsem.com/servlet/FileDownload?type=spec&file=CL03C030CB3GNNC.pdf","http://media.digikey.com/Renders/Samsung%20Electro-Mechanics%20America/CL%20Series%200201(0603%20Metric).jpg","1276-1367-1-ND","CL03C030CB3GNNC","Samsung Electro-Mechanics America, Inc","CAP CER 3PF 50V NP0 0201",19900,0,"0.10000",1,1,"Cut Tape (CT)","CL","3.0pF","50V","±0.25pF","C0G, NP0","Surface Mount, MLCC","-55°C ~ 125°C","General Purpose","-","0201 (0603 Metric)","0.024"" L x 0.012"" W (0.60mm x 0.30mm)","-","0.013"" (0.33mm)","-","-"
"http://www.samsungsem.com/servlet/FileDownload?type=spec&file=CL03C130JA3GNNC.pdf","http://media.digikey.com/Renders/Samsung%20Electro-Mechanics%20America/CL%20Series%200201(0603%20Metric).jpg","1276-1389-1-ND","CL03C130JA3GNNC","Samsung Electro-Mechanics America, Inc","CAP CER 13PF 25V 5% NP0 0201",19900,0,"0.10000",1,1,"Cut Tape (CT)","CL","13pF","25V","±5%","C0G, NP0","Surface Mount, MLCC","-55°C ~ 125°C","General Purpose","-","0201 (0603 Metric)","0.024"" L x 0.012"" W (0.60mm x 0.30mm)","-","0.013"" (0.33mm)","-","-"
"http://www.samsungsem.com/servlet/FileDownload?type=spec&file=CL03C4R3CA3GNNC.pdf","http://media.digikey.com/Renders/Samsung%20Electro-Mechanics%20America/CL%20Series%200201(0603%20Metric).jpg","1276-1420-1-ND","CL03C4R3CA3GNNC","Samsung Electro-Mechanics America, Inc","CAP CER 4.3PF 25V NP0 0201",19900,0,"0.10000",1,1,"Cut Tape (CT)","CL","4.3pF","25V","±0.25pF","C0G, NP0","Surface Mount, MLCC","-55°C ~ 125°C","General Purpose","-","0201 (0603 Metric)","0.024"" L x 0.012"" W (0.60mm x 0.30mm)","-","0.013"" (0.33mm)","-","-"
"http://www.samsungsem.com/servlet/FileDownload?type=spec&file=CL03C7R5CA3GNNC.pdf","http://media.digikey.com/Renders/Samsung%20Electro-Mechanics%20America/CL%20Series%200201(0603%20Metric).jpg","1276-1433-1-ND","CL03C7R5CA3GNNC","Samsung Electro-Mechanics America, Inc","CAP CER 7.5PF 25V NP0 0201",19900,0,"0.10000",1,1,"Cut Tape (CT)","CL","7.5pF","25V","±0.25pF","C0G, NP0","Surface Mount, MLCC","-55°C ~ 125°C","General Purpose","-","0201 (0603 Metric)","0.024"" L x 0.012"" W (0.60mm x 0.30mm)","-","0.013"" (0.33mm)","-","-"
"http://www.samsungsem.com/servlet/FileDownload?type=spec&file=CL03C820JA3ANNC.pdf","http://media.digikey.com/Renders/Samsung%20Electro-Mechanics%20America/CL%20Series%200201(0603%20Metric).jpg","1276-1434-1-ND","CL03C820JA3ANNC","Samsung Electro-Mechanics America, Inc","CAP CER 82PF 25V 5% NP0 0201",19900,0,"0.10000",1,1,"Cut Tape (CT)","CL","82pF","25V","±5%","C0G, NP0","Surface Mount, MLCC","-55°C ~ 125°C","General Purpose","-","0201 (0603 Metric)","0.024"" L x 0.012"" W (0.60mm x 0.30mm)","-","0.013"" (0.33mm)","-","-"
"http://www.samsungsem.com/servlet/FileDownload?type=spec&file=CL03C6R2BA3GNNC.pdf","http://media.digikey.com/Renders/Samsung%20Electro-Mechanics%20America/CL%20Series%200201(0603%20Metric).jpg","1276-1429-1-ND","CL03C6R2BA3GNNC","Samsung Electro-Mechanics America, Inc","CAP CER 6.2PF 25V NP0 0201",19850,0,"0.10000",1,1,"Cut Tape (CT)","CL","6.2pF","25V","±0.1pF","C0G, NP0","Surface Mount, MLCC","-55°C ~ 125°C","General Purpose","-","0201 (0603 Metric)","0.024"" L x 0.012"" W (0.60mm x 0.30mm)","-","0.013"" (0.33mm)","-","-"
"http://www.samsungsem.com/servlet/FileDownload?type=spec&file=CL03B682KQ3NNNC.pdf","http://media.digikey.com/Renders/Samsung%20Electro-Mechanics%20America/CL%20Series%200201(0603%20Metric).jpg","1276-1359-1-ND","CL03B682KQ3NNNC","Samsung Electro-Mechanics America, Inc","CAP CER 6800PF 6.3V 10% X7R 0201",19800,0,"0.10000",1,1,"Cut Tape (CT)","CL","6800pF","6.3V","±10%","X7R","Surface Mount, MLCC","-55°C ~ 125°C","General Purpose","-","0201 (0603 Metric)","0.024"" L x 0.012"" W (0.60mm x 0.30mm)","-","0.013"" (0.33mm)","-","-"
"http://www.samsungsem.com/servlet/FileDownload?type=spec&file=CL03C1R2CA3GNNC.pdf","http://media.digikey.com/Renders/Samsung%20Electro-Mechanics%20America/CL%20Series%200201(0603%20Metric).jpg","1276-1393-1-ND","CL03C1R2CA3GNNC","Samsung Electro-Mechanics America, Inc","CAP CER 1.2PF 25V NP0 0201",19798,0,"0.10000",1,1,"Cut Tape (CT)","CL","1.2pF","25V","±0.25pF","C0G, NP0","Surface Mount, MLCC","-55°C ~ 125°C","General Purpose","-","0201 (0603 Metric)","0.024"" L x 0.012"" W (0.60mm x 0.30mm)","-","0.013"" (0.33mm)","-","-"
"http://www.samsungsem.com/servlet/FileDownload?type=spec&file=CL03B821KO3NNNC.pdf","http://media.digikey.com/Renders/Samsung%20Electro-Mechanics%20America/CL%20Series%200201(0603%20Metric).jpg","1276-1360-1-ND","CL03B821KO3NNNC","Samsung Electro-Mechanics America, Inc","CAP CER 820PF 16V 10% X7R 0201",19755,0,"0.10000",1,1,"Cut Tape (CT)","CL","820pF","16V","±10%","X7R","Surface Mount, MLCC","-55°C ~ 125°C","General Purpose","-","0201 (0603 Metric)","0.024"" L x 0.012"" W (0.60mm x 0.30mm)","-","0.013"" (0.33mm)","-","-"
"http://www.samsungsem.com/servlet/FileDownload?type=spec&file=CL03C020CA3GNNC.pdf","http://media.digikey.com/Renders/Samsung%20Electro-Mechanics%20America/CL%20Series%200201(0603%20Metric).jpg","1276-1364-1-ND","CL03C020CA3GNNC","Samsung Electro-Mechanics America, Inc","CAP CER 2PF 25V NP0 0201",19750,0,"0.10000",1,1,"Cut Tape (CT)","CL","2.0pF","25V","±0.25pF","C0G, NP0","Surface Mount, MLCC","-55°C ~ 125°C","General Purpose","-","0201 (0603 Metric)","0.024"" L x 0.012"" W (0.60mm x 0.30mm)","-","0.013"" (0.33mm)","-","-"
"http://www.samsungsem.com/servlet/FileDownload?type=spec&file=CL03C560JA3ANNC.pdf","http://media.digikey.com/Renders/Samsung%20Electro-Mechanics%20America/CL%20Series%200201(0603%20Metric).jpg","1276-1423-1-ND","CL03C560JA3ANNC","Samsung Electro-Mechanics America, Inc","CAP CER 56PF 25V 5% NP0 0201",19750,0,"0.10000",1,1,"Cut Tape (CT)","CL","56pF","25V","±5%","C0G, NP0","Surface Mount, MLCC","-55°C ~ 125°C","General Purpose","-","0201 (0603 Metric)","0.024"" L x 0.012"" W (0.60mm x 0.30mm)","-","0.013"" (0.33mm)","-","-"
"http://www.samsungsem.com/servlet/FileDownload?type=spec&file=CL03C5R6CA3GNNC.pdf","http://media.digikey.com/Renders/Samsung%20Electro-Mechanics%20America/CL%20Series%200201(0603%20Metric).jpg","1276-1427-1-ND","CL03C5R6CA3GNNC","Samsung Electro-Mechanics America, Inc","CAP CER 5.6PF 25V NP0 0201",19750,0,"0.10000",1,1,"Cut Tape (CT)","CL","5.6pF","25V","±0.25pF","C0G, NP0","Surface Mount, MLCC","-55°C ~ 125°C","General Purpose","-","0201 (0603 Metric)","0.024"" L x 0.012"" W (0.60mm x 0.30mm)","-","0.013"" (0.33mm)","-","-"
"http://www.samsungsem.com/servlet/FileDownload?type=spec&file=CL03C150JA3ANNC.pdf","http://media.digikey.com/Renders/Samsung%20Electro-Mechanics%20America/CL%20Series%200201(0603%20Metric).jpg","1276-1390-1-ND","CL03C150JA3ANNC","Samsung Electro-Mechanics America, Inc","CAP CER 15PF 25V 5% NP0 0201",19730,0,"0.10000",1,1,"Cut Tape (CT)","CL","15pF","25V","±5%","C0G, NP0","Surface Mount, MLCC","-55°C ~ 125°C","General Purpose","-","0201 (0603 Metric)","0.024"" L x 0.012"" W (0.60mm x 0.30mm)","-","0.013"" (0.33mm)","-","-"
"http://www.samsungsem.com/servlet/FileDownload?type=spec&file=CL03C2R4CA3GNNC.pdf","http://media.digikey.com/Renders/Samsung%20Electro-Mechanics%20America/CL%20Series%200201(0603%20Metric).jpg","1276-1406-1-ND","CL03C2R4CA3GNNC","Samsung Electro-Mechanics America, Inc","CAP CER 2.4PF 25V NP0 0201",19700,0,"0.10000",1,1,"Cut Tape (CT)","CL","2.4pF","25V","±0.25pF","C0G, NP0","Surface Mount, MLCC","-55°C ~ 125°C","General Purpose","-","0201 (0603 Metric)","0.024"" L x 0.012"" W (0.60mm x 0.30mm)","-","0.013"" (0.33mm)","-","-"
"http://www.samsungsem.com/servlet/FileDownload?type=spec&file=CL03C5R1CA3GNNC.pdf","http://media.digikey.com/Renders/Samsung%20Electro-Mechanics%20America/CL%20Series%200201(0603%20Metric).jpg","1276-1425-1-ND","CL03C5R1CA3GNNC","Samsung Electro-Mechanics America, Inc","CAP CER 5.1PF 25V NP0 0201",19700,0,"0.10000",1,1,"Cut Tape (CT)","CL","5.1pF","25V","±0.25pF","C0G, NP0","Surface Mount, MLCC","-55°C ~ 125°C","General Purpose","-","0201 (0603 Metric)","0.024"" L x 0.012"" W (0.60mm x 0.30mm)","-","0.013"" (0.33mm)","-","-"
"http://www.samsungsem.com/servlet/FileDownload?type=spec&file=CL03C101JA3ANNC.pdf","http://media.digikey.com/Renders/Samsung%20Electro-Mechanics%20America/CL%20Series%200201(0603%20Metric).jpg","1276-1385-1-ND","CL03C101JA3ANNC","Samsung Electro-Mechanics America, Inc","CAP CER 100PF 25V 5% NP0 0201",19650,0,"0.10000",1,1,"Cut Tape (CT)","CL","100pF","25V","±5%","C0G, NP0","Surface Mount, MLCC","-55°C ~ 125°C","General Purpose","-","0201 (0603 Metric)","0.024"" L x 0.012"" W (0.60mm x 0.30mm)","-","0.013"" (0.33mm)","-","-"
"http://www.samsungsem.com/servlet/FileDownload?type=spec&file=CL03C7R5BA3GNNC.pdf","http://media.digikey.com/Renders/Samsung%20Electro-Mechanics%20America/CL%20Series%200201(0603%20Metric).jpg","1276-1432-1-ND","CL03C7R5BA3GNNC","Samsung Electro-Mechanics America, Inc","CAP CER 7.5PF 25V NP0 0201",19650,0,"0.10000",1,1,"Cut Tape (CT)","CL","7.5pF","25V","±0.1pF","C0G, NP0","Surface Mount, MLCC","-55°C ~ 125°C","General Purpose","-","0201 (0603 Metric)","0.024"" L x 0.012"" W (0.60mm x 0.30mm)","-","0.013"" (0.33mm)","-","-"
"http://www.samsungsem.com/servlet/FileDownload?type=spec&file=CL03B472KQ3NNNC.pdf","http://media.digikey.com/Renders/Samsung%20Electro-Mechanics%20America/CL%20Series%200201(0603%20Metric).jpg","1276-1356-1-ND","CL03B472KQ3NNNC","Samsung Electro-Mechanics America, Inc","CAP CER 4700PF 6.3V 10% X7R 0201",19620,0,"0.10000",1,1,"Cut Tape (CT)","CL","4700pF","6.3V","±10%","X7R","Surface Mount, MLCC","-55°C ~ 125°C","General Purpose","-","0201 (0603 Metric)","0.024"" L x 0.012"" W (0.60mm x 0.30mm)","-","0.013"" (0.33mm)","-","-"
"http://www.samsungsem.com/servlet/FileDownload?type=spec&file=CL03C4R3BA3GNNC.pdf","http://media.digikey.com/Renders/Samsung%20Electro-Mechanics%20America/CL%20Series%200201(0603%20Metric).jpg","1276-1419-1-ND","CL03C4R3BA3GNNC","Samsung Electro-Mechanics America, Inc","CAP CER 4.3PF 25V NP0 0201",19600,0,"0.10000",1,1,"Cut Tape (CT)","CL","4.3pF","25V","±0.1pF","C0G, NP0","Surface Mount, MLCC","-55°C ~ 125°C","General Purpose","-","0201 (0603 Metric)","0.024"" L x 0.012"" W (0.60mm x 0.30mm)","-","0.013"" (0.33mm)","-","-"
"http://www.samsungsem.com/servlet/FileDownload?type=spec&file=CL03B332KP3NNNC.pdf","http://media.digikey.com/Renders/Samsung%20Electro-Mechanics%20America/CL%20Series%200201(0603%20Metric).jpg","1276-1353-1-ND","CL03B332KP3NNNC","Samsung Electro-Mechanics America, Inc","CAP CER 3300PF 10V 10% X7R 0201",19592,0,"0.10000",1,1,"Cut Tape (CT)","CL","3300pF","10V","±10%","X7R","Surface Mount, MLCC","-55°C ~ 125°C","General Purpose","-","0201 (0603 Metric)","0.024"" L x 0.012"" W (0.60mm x 0.30mm)","-","0.013"" (0.33mm)","-","-"
"http://www.samsungsem.com/servlet/FileDownload?type=spec&file=CL03C180JA3ANNC.pdf","http://media.digikey.com/Renders/Samsung%20Electro-Mechanics%20America/CL%20Series%200201(0603%20Metric).jpg","1276-1391-1-ND","CL03C180JA3ANNC","Samsung Electro-Mechanics America, Inc","CAP CER 18PF 25V 5% NP0 0201",19565,0,"0.10000",1,1,"Cut Tape (CT)","CL","18pF","25V","±5%","C0G, NP0","Surface Mount, MLCC","-55°C ~ 125°C","General Purpose","-","0201 (0603 Metric)","0.024"" L x 0.012"" W (0.60mm x 0.30mm)","-","0.013"" (0.33mm)","-","-"
"http://www.samsungsem.com/servlet/FileDownload?type=spec&file=CL03C0R7BA3GNNC.pdf","http://media.digikey.com/Renders/Samsung%20Electro-Mechanics%20America/CL%20Series%200201(0603%20Metric).jpg","1276-1379-1-ND","CL03C0R7BA3GNNC","Samsung Electro-Mechanics America, Inc","CAP CER 0.7PF 25V NP0 0201",19500,0,"0.10000",1,1,"Cut Tape (CT)","CL","0.70pF","25V","±0.1pF","C0G, NP0","Surface Mount, MLCC","-55°C ~ 125°C","General Purpose","-","0201 (0603 Metric)","0.024"" L x 0.012"" W (0.60mm x 0.30mm)","-","0.013"" (0.33mm)","-","-"
"http://www.samsungsem.com/servlet/FileDownload?type=spec&file=CL03C0R8BA3GNNC.pdf","http://media.digikey.com/Renders/Samsung%20Electro-Mechanics%20America/CL%20Series%200201(0603%20Metric).jpg","1276-1380-1-ND","CL03C0R8BA3GNNC","Samsung Electro-Mechanics America, Inc","CAP CER 0.8PF 25V NP0 0201",19500,0,"0.10000",1,1,"Cut Tape (CT)","CL","0.80pF","25V","±0.1pF","C0G, NP0","Surface Mount, MLCC","-55°C ~ 125°C","General Purpose","-","0201 (0603 Metric)","0.024"" L x 0.012"" W (0.60mm x 0.30mm)","-","0.013"" (0.33mm)","-","-"
"http://www.samsungsem.com/servlet/FileDownload?type=spec&file=CL03C0R9BA3GNNC.pdf","http://media.digikey.com/Renders/Samsung%20Electro-Mechanics%20America/CL%20Series%200201(0603%20Metric).jpg","1276-1382-1-ND","CL03C0R9BA3GNNC","Samsung Electro-Mechanics America, Inc","CAP CER 0.9PF 25V NP0 0201",19500,0,"0.10000",1,1,"Cut Tape (CT)","CL","0.90pF","25V","±0.1pF","C0G, NP0","Surface Mount, MLCC","-55°C ~ 125°C","General Purpose","-","0201 (0603 Metric)","0.024"" L x 0.012"" W (0.60mm x 0.30mm)","-","0.013"" (0.33mm)","-","-"
"http://www.samsungsem.com/servlet/FileDownload?type=spec&file=CL03C2R7CA3GNNC.pdf","http://media.digikey.com/Renders/Samsung%20Electro-Mechanics%20America/CL%20Series%200201(0603%20Metric).jpg","1276-1408-1-ND","CL03C2R7CA3GNNC","Samsung Electro-Mechanics America, Inc","CAP CER 2.7PF 25V NP0 0201",19500,0,"0.10000",1,1,"Cut Tape (CT)","CL","2.7pF","25V","±0.25pF","C0G, NP0","Surface Mount, MLCC","-55°C ~ 125°C","General Purpose","-","0201 (0603 Metric)","0.024"" L x 0.012"" W (0.60mm x 0.30mm)","-","0.013"" (0.33mm)","-","-"
"http://www.samsungsem.com/servlet/FileDownload?type=spec&file=CL03C060BA3GNNC.pdf","http://media.digikey.com/Renders/Samsung%20Electro-Mechanics%20America/CL%20Series%200201(0603%20Metric).jpg","1276-1369-1-ND","CL03C060BA3GNNC","Samsung Electro-Mechanics America, Inc","CAP CER 6PF 25V NP0 0201",19450,0,"0.10000",1,1,"Cut Tape (CT)","CL","6.0pF","25V","±0.1pF","C0G, NP0","Surface Mount, MLCC","-55°C ~ 125°C","General Purpose","-","0201 (0603 Metric)","0.024"" L x 0.012"" W (0.60mm x 0.30mm)","-","0.013"" (0.33mm)","-","-"
"http://www.samsungsem.com/servlet/FileDownload?type=spec&file=CL03C050CA3GNNC.pdf","http://media.digikey.com/Renders/Samsung%20Electro-Mechanics%20America/CL%20Series%200201(0603%20Metric).jpg","1276-1368-1-ND","CL03C050CA3GNNC","Samsung Electro-Mechanics America, Inc","CAP CER 5PF 25V NP0 0201",19400,0,"0.10000",1,1,"Cut Tape (CT)","CL","5.0pF","25V","±0.25pF","C0G, NP0","Surface Mount, MLCC","-55°C ~ 125°C","General Purpose","-","0201 (0603 Metric)","0.024"" L x 0.012"" W (0.60mm x 0.30mm)","-","0.013"" (0.33mm)","-","-"
"http://www.samsungsem.com/servlet/FileDownload?type=spec&file=CL03C0R4BA3GNNC.pdf","http://media.digikey.com/Renders/Samsung%20Electro-Mechanics%20America/CL%20Series%200201(0603%20Metric).jpg","1276-1376-1-ND","CL03C0R4BA3GNNC","Samsung Electro-Mechanics America, Inc","CAP CER 0.4PF 25V NP0 0201",19400,0,"0.10000",1,1,"Cut Tape (CT)","CL","0.40pF","25V","±0.1pF","C0G, NP0","Surface Mount, MLCC","-55°C ~ 125°C","General Purpose","-","0201 (0603 Metric)","0.024"" L x 0.012"" W (0.60mm x 0.30mm)","-","0.013"" (0.33mm)","-","-"
"http://www.samsungsem.com/servlet/FileDownload?type=spec&file=CL03B222KP3NNNC.pdf","http://media.digikey.com/Renders/Samsung%20Electro-Mechanics%20America/CL%20Series%200201(0603%20Metric).jpg","1276-1349-1-ND","CL03B222KP3NNNC","Samsung Electro-Mechanics America, Inc","CAP CER 2200PF 10V 10% X7R 0201",19370,0,"0.10000",1,1,"Cut Tape (CT)","CL","2200pF","10V","±10%","X7R","Surface Mount, MLCC","-55°C ~ 125°C","General Purpose","-","0201 (0603 Metric)","0.024"" L x 0.012"" W (0.60mm x 0.30mm)","-","0.013"" (0.33mm)","-","-"
"http://www.samsungsem.com/servlet/FileDownload?type=spec&file=CL03C020BA3GNNC.pdf","http://media.digikey.com/Renders/Samsung%20Electro-Mechanics%20America/CL%20Series%200201(0603%20Metric).jpg","1276-1363-1-ND","CL03C020BA3GNNC","Samsung Electro-Mechanics America, Inc","CAP CER 2PF 25V NP0 0201",19165,0,"0.10000",1,1,"Cut Tape (CT)","CL","2.0pF","25V","±0.1pF","C0G, NP0","Surface Mount, MLCC","-55°C ~ 125°C","General Purpose","-","0201 (0603 Metric)","0.024"" L x 0.012"" W (0.60mm x 0.30mm)","-","0.013"" (0.33mm)","-","-"
"http://www.samsungsem.com/servlet/FileDownload?type=spec&file=CL03C680JA3ANNC.pdf","http://media.digikey.com/Renders/Samsung%20Electro-Mechanics%20America/CL%20Series%200201(0603%20Metric).jpg","1276-1428-1-ND","CL03C680JA3ANNC","Samsung Electro-Mechanics America, Inc","CAP CER 68PF 25V 5% NP0 0201",19040,0,"0.10000",1,1,"Cut Tape (CT)","CL","68pF","25V","±5%","C0G, NP0","Surface Mount, MLCC","-55°C ~ 125°C","General Purpose","-","0201 (0603 Metric)","0.024"" L x 0.012"" W (0.60mm x 0.30mm)","-","0.013"" (0.33mm)","-","-"
"http://www.samsungsem.com/servlet/FileDownload?type=spec&file=CL03C3R8CA3GNNC.pdf","http://media.digikey.com/Renders/Samsung%20Electro-Mechanics%20America/CL%20Series%200201(0603%20Metric).jpg","1276-1415-1-ND","CL03C3R8CA3GNNC","Samsung Electro-Mechanics America, Inc","CAP CER 3.8PF 25V NP0 0201",19000,0,"0.10000",1,1,"Cut Tape (CT)","CL","3.8pF","25V","±0.25pF","C0G, NP0","Surface Mount, MLCC","-55°C ~ 125°C","General Purpose","-","0201 (0603 Metric)","0.024"" L x 0.012"" W (0.60mm x 0.30mm)","-","0.013"" (0.33mm)","-","-"
"http://www.samsungsem.com/servlet/FileDownload?type=spec&file=CL03C080DA3GNNC.pdf","http://media.digikey.com/Renders/Samsung%20Electro-Mechanics%20America/CL%20Series%200201(0603%20Metric).jpg","1276-1371-1-ND","CL03C080DA3GNNC","Samsung Electro-Mechanics America, Inc","CAP CER 8PF 25V NP0 0201",18950,0,"0.10000",1,1,"Cut Tape (CT)","CL","8.0pF","25V","±0.5pF","C0G, NP0","Surface Mount, MLCC","-55°C ~ 125°C","General Purpose","-","0201 (0603 Metric)","0.024"" L x 0.012"" W (0.60mm x 0.30mm)","-","0.013"" (0.33mm)","-","-"
"http://www.samsungsem.com/servlet/FileDownload?type=spec&file=CL03C0R2BA3GNNC.pdf","http://media.digikey.com/Renders/Samsung%20Electro-Mechanics%20America/CL%20Series%200201(0603%20Metric).jpg","1276-1374-1-ND","CL03C0R2BA3GNNC","Samsung Electro-Mechanics America, Inc","CAP CER 0.2PF 25V NP0 0201",18850,0,"0.10000",1,1,"Cut Tape (CT)","CL","0.20pF","25V","±0.1pF","C0G, NP0","Surface Mount, MLCC","-55°C ~ 125°C","General Purpose","-","0201 (0603 Metric)","0.024"" L x 0.012"" W (0.60mm x 0.30mm)","-","0.013"" (0.33mm)","-","-"
"http://www.samsungsem.com/servlet/FileDownload?type=spec&file=CL03C3R6BA3GNNC.pdf","http://media.digikey.com/Renders/Samsung%20Electro-Mechanics%20America/CL%20Series%200201(0603%20Metric).jpg","1276-1413-1-ND","CL03C3R6BA3GNNC","Samsung Electro-Mechanics America, Inc","CAP CER 3.6PF 25V NP0 0201",18850,0,"0.10000",1,1,"Cut Tape (CT)","CL","3.6pF","25V","±0.1pF","C0G, NP0","Surface Mount, MLCC","-55°C ~ 125°C","General Purpose","-","0201 (0603 Metric)","0.024"" L x 0.012"" W (0.60mm x 0.30mm)","-","0.013"" (0.33mm)","-","-"
"http://www.samsungsem.com/servlet/FileDownload?type=spec&file=CL03C1R8BA3GNNC.pdf","http://media.digikey.com/Renders/Samsung%20Electro-Mechanics%20America/CL%20Series%200201(0603%20Metric).jpg","1276-1399-1-ND","CL03C1R8BA3GNNC","Samsung Electro-Mechanics America, Inc","CAP CER 1.8PF 25V NP0 0201",18800,0,"0.10000",1,1,"Cut Tape (CT)","CL","1.8pF","25V","±0.1pF","C0G, NP0","Surface Mount, MLCC","-55°C ~ 125°C","General Purpose","-","0201 (0603 Metric)","0.024"" L x 0.012"" W (0.60mm x 0.30mm)","-","0.013"" (0.33mm)","-","-"
"http://www.samsungsem.com/servlet/FileDownload?type=spec&file=CL03B221KO3NNNC.pdf","http://media.digikey.com/Renders/Samsung%20Electro-Mechanics%20America/CL%20Series%200201(0603%20Metric).jpg","1276-1348-1-ND","CL03B221KO3NNNC","Samsung Electro-Mechanics America, Inc","CAP CER 220PF 16V 10% X7R 0201",18752,0,"0.10000",1,1,"Cut Tape (CT)","CL","220pF","16V","±10%","X7R","Surface Mount, MLCC","-55°C ~ 125°C","General Purpose","-","0201 (0603 Metric)","0.024"" L x 0.012"" W (0.60mm x 0.30mm)","-","0.013"" (0.33mm)","-","-"
"http://www.samsungsem.com/servlet/FileDownload?type=spec&file=CL03B471KO3NNNC.pdf","http://media.digikey.com/Renders/Samsung%20Electro-Mechanics%20America/CL%20Series%200201(0603%20Metric).jpg","1276-1354-1-ND","CL03B471KO3NNNC","Samsung Electro-Mechanics America, Inc","CAP CER 470PF 16V 10% X7R 0201",18265,0,"0.10000",1,1,"Cut Tape (CT)","CL","470pF","16V","±10%","X7R","Surface Mount, MLCC","-55°C ~ 125°C","General Purpose","-","0201 (0603 Metric)","0.024"" L x 0.012"" W (0.60mm x 0.30mm)","-","0.013"" (0.33mm)","-","-"
"http://www.samsungsem.com/servlet/FileDownload?type=spec&file=CL03C0R8CA3GNNC.pdf","http://media.digikey.com/Renders/Samsung%20Electro-Mechanics%20America/CL%20Series%200201(0603%20Metric).jpg","1276-1381-1-ND","CL03C0R8CA3GNNC","Samsung Electro-Mechanics America, Inc","CAP CER 0.8PF 25V NP0 0201",17495,0,"0.10000",1,1,"Cut Tape (CT)","CL","0.80pF","25V","±0.25pF","C0G, NP0","Surface Mount, MLCC","-55°C ~ 125°C","General Purpose","-","0201 (0603 Metric)","0.024"" L x 0.012"" W (0.60mm x 0.30mm)","-","0.013"" (0.33mm)","-","-"
"http://www.samsungsem.com/servlet/FileDownload?type=spec&file=CL03C090DA3GNNC.pdf","http://media.digikey.com/Renders/Samsung%20Electro-Mechanics%20America/CL%20Series%200201(0603%20Metric).jpg","1276-1373-1-ND","CL03C090DA3GNNC","Samsung Electro-Mechanics America, Inc","CAP CER 9PF 25V NP0 0201",17470,0,"0.10000",1,1,"Cut Tape (CT)","CL","9.0pF","25V","±0.5pF","C0G, NP0","Surface Mount, MLCC","-55°C ~ 125°C","General Purpose","-","0201 (0603 Metric)","0.024"" L x 0.012"" W (0.60mm x 0.30mm)","-","0.013"" (0.33mm)","-","-"
"http://www.samsungsem.com/servlet/FileDownload?type=spec&file=CL03C100DA3GNNC.pdf","http://media.digikey.com/Renders/Samsung%20Electro-Mechanics%20America/CL%20Series%200201(0603%20Metric).jpg","1276-1383-1-ND","CL03C100DA3GNNC","Samsung Electro-Mechanics America, Inc","CAP CER 10PF 25V NP0 0201",17000,0,"0.10000",1,1,"Cut Tape (CT)","CL","10pF","25V","±0.5pF","C0G, NP0","Surface Mount, MLCC","-55°C ~ 125°C","General Purpose","-","0201 (0603 Metric)","0.024"" L x 0.012"" W (0.60mm x 0.30mm)","-","0.013"" (0.33mm)","-","-"
"http://www.samsungsem.com/servlet/FileDownload?type=spec&file=CL03C110JA3GNNC.pdf","http://media.digikey.com/Renders/Samsung%20Electro-Mechanics%20America/CL%20Series%200201(0603%20Metric).jpg","1276-1386-1-ND","CL03C110JA3GNNC","Samsung Electro-Mechanics America, Inc","CAP CER 11PF 25V 5% NP0 0201",16889,0,"0.10000",1,1,"Cut Tape (CT)","CL","11pF","25V","±5%","C0G, NP0","Surface Mount, MLCC","-55°C ~ 125°C","General Purpose","-","0201 (0603 Metric)","0.024"" L x 0.012"" W (0.60mm x 0.30mm)","-","0.013"" (0.33mm)","-","-"
"http://www.samsungsem.com/servlet/FileDownload?type=spec&file=CL03C1R5CA3GNNC.pdf","http://media.digikey.com/Renders/Samsung%20Electro-Mechanics%20America/CL%20Series%200201(0603%20Metric).jpg","1276-1396-1-ND","CL03C1R5CA3GNNC","Samsung Electro-Mechanics America, Inc","CAP CER 1.5PF 25V NP0 0201",16400,0,"0.10000",1,1,"Cut Tape (CT)","CL","1.5pF","25V","±0.25pF","C0G, NP0","Surface Mount, MLCC","-55°C ~ 125°C","General Purpose","-","0201 (0603 Metric)","0.024"" L x 0.012"" W (0.60mm x 0.30mm)","-","0.013"" (0.33mm)","-","-"
"http://www.samsungsem.com/servlet/FileDownload?type=spec&file=CL03B102KA3NNNC.pdf","http://media.digikey.com/Renders/Samsung%20Electro-Mechanics%20America/CL%20Series%200201(0603%20Metric).jpg","1276-1341-1-ND","CL03B102KA3NNNC","Samsung Electro-Mechanics America, Inc","CAP CER 1000PF 25V 10% X7R 0201",14650,0,"0.10000",1,1,"Cut Tape (CT)","CL","1000pF","25V","±10%","X7R","Surface Mount, MLCC","-55°C ~ 125°C","General Purpose","-","0201 (0603 Metric)","0.024"" L x 0.012"" W (0.60mm x 0.30mm)","-","0.013"" (0.33mm)","-","-"
"http://www.samsungsem.com/servlet/FileDownload?type=spec&file=CL03B102KO3NNNC.pdf","http://media.digikey.com/Renders/Samsung%20Electro-Mechanics%20America/CL%20Series%200201(0603%20Metric).jpg","1276-1342-1-ND","CL03B102KO3NNNC","Samsung Electro-Mechanics America, Inc","CAP CER 1000PF 16V 10% X7R 0201",14515,0,"0.10000",1,1,"Cut Tape (CT)","CL","1000pF","16V","±10%","X7R","Surface Mount, MLCC","-55°C ~ 125°C","General Purpose","-","0201 (0603 Metric)","0.024"" L x 0.012"" W (0.60mm x 0.30mm)","-","0.013"" (0.33mm)","-","-"
"http://www.samsungsem.com/servlet/FileDownload?type=spec&file=CL03C090CA3GNNC.pdf","http://media.digikey.com/Renders/Samsung%20Electro-Mechanics%20America/CL%20Series%200201(0603%20Metric).jpg","1276-1372-1-ND","CL03C090CA3GNNC","Samsung Electro-Mechanics America, Inc","CAP CER 9PF 25V NP0 0201",19650,0,"0.24000",1,1,"Cut Tape (CT)","CL","9.0pF","25V","±0.25pF","C0G, NP0","Surface Mount, MLCC","-55°C ~ 125°C","General Purpose","-","0201 (0603 Metric)","0.024"" L x 0.012"" W (0.60mm x 0.30mm)","-","0.013"" (0.33mm)","-","-"
"http://www.samsungsem.com/servlet/FileDownload?type=spec&file=CL03C8R2CA3GNNC.pdf","http://media.digikey.com/Renders/Samsung%20Electro-Mechanics%20America/CL%20Series%200201(0603%20Metric).jpg","1276-1436-1-ND","CL03C8R2CA3GNNC","Samsung Electro-Mechanics America, Inc","CAP CER 8.2PF 25V NP0 0201",18500,0,"0.36000",1,1,"Cut Tape (CT)","CL","8.2pF","25V","±0.25pF","C0G, NP0","Surface Mount, MLCC","-55°C ~ 125°C","General Purpose","-","0201 (0603 Metric)","0.024"" L x 0.012"" W (0.60mm x 0.30mm)","-","0.013"" (0.33mm)","-","-"
"http://www.samsungsem.com/servlet/FileDownload?type=spec&file=CL03C5R6BA3GNNC.pdf","http://media.digikey.com/Renders/Samsung%20Electro-Mechanics%20America/CL%20Series%200201(0603%20Metric).jpg","1276-1426-1-ND","CL03C5R6BA3GNNC","Samsung Electro-Mechanics America, Inc","CAP CER 5.6PF 25V NP0 0201",19875,0,"0.41000",1,1,"Cut Tape (CT)","CL","5.6pF","25V","±0.1pF","C0G, NP0","Surface Mount, MLCC","-55°C ~ 125°C","General Purpose","-","0201 (0603 Metric)","0.024"" L x 0.012"" W (0.60mm x 0.30mm)","-","0.013"" (0.33mm)","-","-"
"http://www.samsungsem.com/servlet/FileDownload?type=spec&file=CL03C4R7BA3GNNC.pdf","http://media.digikey.com/Renders/Samsung%20Electro-Mechanics%20America/CL%20Series%200201(0603%20Metric).jpg","1276-1421-1-ND","CL03C4R7BA3GNNC","Samsung Electro-Mechanics America, Inc","CAP CER 4.7PF 25V NP0 0201",19950,0,"0.48000",1,1,"Cut Tape (CT)","CL","4.7pF","25V","±0.1pF","C0G, NP0","Surface Mount, MLCC","-55°C ~ 125°C","General Purpose","-","0201 (0603 Metric)","0.024"" L x 0.012"" W (0.60mm x 0.30mm)","-","0.013"" (0.33mm)","-","-"
"http://www.samsungsem.com/servlet/FileDownload?type=spec&file=CL03C010BA3GNNC.pdf","http://media.digikey.com/Renders/Samsung%20Electro-Mechanics%20America/CL%20Series%200201(0603%20Metric).jpg","1276-1361-1-ND","CL03C010BA3GNNC","Samsung Electro-Mechanics America, Inc","CAP CER 1PF 25V NP0 0201",19900,0,"0.48000",1,1,"Cut Tape (CT)","CL","1.0pF","25V","±0.1pF","C0G, NP0","Surface Mount, MLCC","-55°C ~ 125°C","General Purpose","-","0201 (0603 Metric)","0.024"" L x 0.012"" W (0.60mm x 0.30mm)","-","0.013"" (0.33mm)","-","-"
"http://www.samsungsem.com/servlet/FileDownload?type=spec&file=CL03C2R7BA3GNNC.pdf","http://media.digikey.com/Renders/Samsung%20Electro-Mechanics%20America/CL%20Series%200201(0603%20Metric).jpg","1276-1407-1-ND","CL03C2R7BA3GNNC","Samsung Electro-Mechanics America, Inc","CAP CER 2.7PF 25V NP0 0201",19850,0,"0.48000",1,1,"Cut Tape (CT)","CL","2.7pF","25V","±0.1pF","C0G, NP0","Surface Mount, MLCC","-55°C ~ 125°C","General Purpose","-","0201 (0603 Metric)","0.024"" L x 0.012"" W (0.60mm x 0.30mm)","-","0.013"" (0.33mm)","-","-"
"http://www.samsungsem.com/servlet/FileDownload?type=spec&file=CL03C030BA3GNNC.pdf","http://media.digikey.com/Renders/Samsung%20Electro-Mechanics%20America/CL%20Series%200201(0603%20Metric).jpg","1276-1365-1-ND","CL03C030BA3GNNC","Samsung Electro-Mechanics America, Inc","CAP CER 3PF 25V NP0 0201",19750,0,"0.48000",1,1,"Cut Tape (CT)","CL","3.0pF","25V","±0.1pF","C0G, NP0","Surface Mount, MLCC","-55°C ~ 125°C","General Purpose","-","0201 (0603 Metric)","0.024"" L x 0.012"" W (0.60mm x 0.30mm)","-","0.013"" (0.33mm)","-","-"
"http://www.samsungsem.com/servlet/FileDownload?type=spec&file=CL03C270JA3ANNC.pdf","http://media.digikey.com/Renders/Samsung%20Electro-Mechanics%20America/CL%20Series%200201(0603%20Metric).jpg","1276-1402-1-ND","CL03C270JA3ANNC","Samsung Electro-Mechanics America, Inc","CAP CER 27PF 25V 5% NP0 0201",10000,0,"0.10000",1,1,"Cut Tape (CT)","CL","27pF","25V","±5%","C0G, NP0","Surface Mount, MLCC","-55°C ~ 125°C","General Purpose","-","0201 (0603 Metric)","0.024"" L x 0.012"" W (0.60mm x 0.30mm)","-","0.013"" (0.33mm)","-","-"
"http://www.samsungsem.com/servlet/FileDownload?type=spec&file=CL03C1R6CA3GNNC.pdf","http://media.digikey.com/Renders/Samsung%20Electro-Mechanics%20America/CL%20Series%200201(0603%20Metric).jpg","1276-1398-1-ND","CL03C1R6CA3GNNC","Samsung Electro-Mechanics America, Inc","CAP CER 1.6PF 25V NP0 0201",10000,0,"0.10000",1,1,"Cut Tape (CT)","CL","1.6pF","25V","±0.25pF","C0G, NP0","Surface Mount, MLCC","-55°C ~ 125°C","General Purpose","-","0201 (0603 Metric)","0.024"" L x 0.012"" W (0.60mm x 0.30mm)","-","0.013"" (0.33mm)","-","-"
"http://www.samsungsem.com/servlet/FileDownload?type=spec&file=CL03C6R8CA3GNNC.pdf","http://media.digikey.com/Renders/Samsung%20Electro-Mechanics%20America/CL%20Series%200201(0603%20Metric).jpg","1276-1431-1-ND","CL03C6R8CA3GNNC","Samsung Electro-Mechanics America, Inc","CAP CER 6.8PF 25V NP0 0201",10000,0,"0.36000",1,1,"Cut Tape (CT)","CL","6.8pF","25V","±0.25pF","C0G, NP0","Surface Mount, MLCC","-55°C ~ 125°C","General Purpose","-","0201 (0603 Metric)","0.024"" L x 0.012"" W (0.60mm x 0.30mm)","-","0.013"" (0.33mm)","-","-"
"http://www.samsungsem.com/servlet/FileDownload?type=spec&file=CL03C0R6BA3GNNC.pdf","http://media.digikey.com/Renders/Samsung%20Electro-Mechanics%20America/CL%20Series%200201(0603%20Metric).jpg","1276-1378-1-ND","CL03C0R6BA3GNNC","Samsung Electro-Mechanics America, Inc","CAP CER 0.6PF 25V NP0 0201",9500,0,"0.10000",1,1,"Cut Tape (CT)","CL","0.60pF","25V","±0.1pF","C0G, NP0","Surface Mount, MLCC","-55°C ~ 125°C","General Purpose","-","0201 (0603 Metric)","0.024"" L x 0.012"" W (0.60mm x 0.30mm)","-","0.013"" (0.33mm)","-","-"
"http://www.samsungsem.com/servlet/FileDownload?type=spec&file=CL03C2R4BA3GNNC.pdf","http://media.digikey.com/Renders/Samsung%20Electro-Mechanics%20America/CL%20Series%200201(0603%20Metric).jpg","1276-1405-1-ND","CL03C2R4BA3GNNC","Samsung Electro-Mechanics America, Inc","CAP CER 2.4PF 25V NP0 0201",9449,0,"0.10000",1,1,"Cut Tape (CT)","CL","2.4pF","25V","±0.1pF","C0G, NP0","Surface Mount, MLCC","-55°C ~ 125°C","General Purpose","-","0201 (0603 Metric)","0.024"" L x 0.012"" W (0.60mm x 0.30mm)","-","0.013"" (0.33mm)","-","-"
"http://www.samsungsem.com/servlet/FileDownload?type=spec&file=CL03C010CA3GNNC.pdf","http://media.digikey.com/Renders/Samsung%20Electro-Mechanics%20America/CL%20Series%200201(0603%20Metric).jpg","1276-1362-1-ND","CL03C010CA3GNNC","Samsung Electro-Mechanics America, Inc","CAP CER 1PF 25V NP0 0201",6475,0,"0.10000",1,1,"Cut Tape (CT)","CL","1.0pF","25V","0.25pF","C0G, NP0","Surface Mount, MLCC","-55°C ~ 125°C","General Purpose","-","0201 (0603 Metric)","0.024"" L x 0.012"" W (0.60mm x 0.30mm)","-","0.013"" (0.33mm)","-","-"
"http://www.samsungsem.com/servlet/FileDownload?type=spec&file=CL03C220JA3ANNC.pdf","http://media.digikey.com/Renders/Samsung%20Electro-Mechanics%20America/CL%20Series%200201(0603%20Metric).jpg","1276-1401-1-ND","CL03C220JA3ANNC","Samsung Electro-Mechanics America, Inc","CAP CER 22PF 25V 5% NP0 0201",5430,0,"0.10000",1,1,"Cut Tape (CT)","CL","22pF","25V","±5%","C0G, NP0","Surface Mount, MLCC","-55°C ~ 125°C","General Purpose","-","0201 (0603 Metric)","0.024"" L x 0.012"" W (0.60mm x 0.30mm)","-","0.013"" (0.33mm)","-","-"
"http://www.samsungsem.com/servlet/FileDownload?type=spec&file=CL03B331KO3NNNC.pdf","http://media.digikey.com/Renders/Samsung%20Electro-Mechanics%20America/CL%20Series%200201(0603%20Metric).jpg","1276-1352-1-ND","CL03B331KO3NNNC","Samsung Electro-Mechanics America, Inc","CAP CER 330PF 16V 10% X7R 0201",4000,0,"0.10000",1,1,"Cut Tape (CT)","CL","330pF","16V","±10%","X7R","Surface Mount, MLCC","-55°C ~ 125°C","General Purpose","-","0201 (0603 Metric)","0.024"" L x 0.012"" W (0.60mm x 0.30mm)","-","0.013"" (0.33mm)","-","-"
"http://www.samsungsem.com/servlet/FileDownload?type=spec&file=CL03B561KO3NNNC.pdf","http://media.digikey.com/Renders/Samsung%20Electro-Mechanics%20America/CL%20Series%200201(0603%20Metric).jpg","1276-1357-1-ND","CL03B561KO3NNNC","Samsung Electro-Mechanics America, Inc","CAP CER 560PF 16V 10% X7R 0201",3485,0,"0.10000",1,1,"Cut Tape (CT)","CL","560pF","16V","±10%","X7R","Surface Mount, MLCC","-55°C ~ 125°C","General Purpose","-","0201 (0603 Metric)","0.024"" L x 0.012"" W (0.60mm x 0.30mm)","-","0.013"" (0.33mm)","-","-"
"http://www.samsungsem.com/servlet/FileDownload?type=spec&file=CL03C470JA3ANNC.pdf","http://media.digikey.com/Renders/Samsung%20Electro-Mechanics%20America/CL%20Series%200201(0603%20Metric).jpg","1276-1418-1-ND","CL03C470JA3ANNC","Samsung Electro-Mechanics America, Inc","CAP CER 47PF 25V 5% NP0 0201",0,0,"0.10000",1,1,"Cut Tape (CT)","CL","47pF","25V","±5%","C0G, NP0","Surface Mount, MLCC","-55°C ~ 125°C","General Purpose","-","0201 (0603 Metric)","0.024"" L x 0.012"" W (0.60mm x 0.30mm)","-","0.013"" (0.33mm)","-","-"
"http://www.samsungsem.com/servlet/FileDownload?type=spec&file=CL03B221KA3NNNC.pdf","http://media.digikey.com/Renders/Samsung%20Electro-Mechanics%20America/CL%20Series%200201(0603%20Metric).jpg","1276-1347-1-ND","CL03B221KA3NNNC","Samsung Electro-Mechanics America, Inc","CAP CER 220PF 25V 10% X7R 0201",0,0,"0.10000",1,1,"Cut Tape (CT)","CL","220pF","25V","±10%","X7R","Surface Mount, MLCC","-55°C ~ 125°C","General Purpose","-","0201 (0603 Metric)","0.024"" L x 0.012"" W (0.60mm x 0.30mm)","-","0.013"" (0.33mm)","-","-"
"http://www.samsungsem.com/servlet/FileDownload?type=spec&file=CL03B102KP3NNNC.pdf","http://media.digikey.com/Renders/Samsung%20Electro-Mechanics%20America/CL%20Series%200201(0603%20Metric).jpg","1276-1343-1-ND","CL03B102KP3NNNC","Samsung Electro-Mechanics America, Inc","CAP CER 1000PF 10V 10% X7R 0201",0,0,"Call",1,1,"Cut Tape (CT)","CL","1000pF","10V","±10%","X7R","Surface Mount, MLCC","-55°C ~ 125°C","General Purpose","-","0201 (0603 Metric)","0.024"" L x 0.012"" W (0.60mm x 0.30mm)","-","0.013"" (0.33mm)","-","-"
"http://www.samsungsem.com/servlet/FileDownload?type=spec&file=CL03B152KP3NNNC.pdf","http://media.digikey.com/Renders/Samsung%20Electro-Mechanics%20America/CL%20Series%200201(0603%20Metric).jpg","1276-1346-1-ND","CL03B152KP3NNNC","Samsung Electro-Mechanics America, Inc","CAP CER 1500PF 10V 10% X7R 0201",0,0,"Call",1,1,"Cut Tape (CT)","CL","1500pF","10V","±10%","X7R","Surface Mount, MLCC","-55°C ~ 125°C","General Purpose","-","0201 (0603 Metric)","0.024"" L x 0.012"" W (0.60mm x 0.30mm)","-","0.013"" (0.33mm)","-","-"
