"Datasheets","Image","Digi-Key Part Number","Manufacturer Part Number","Manufacturer","Description","Quantity Available","Factory Stock","Unit Price (EUR)","@ qty","Minimum Quantity","Packaging","Series","Type","Material - Core","Inductance","Tolerance","Current Rating","Current - Saturation","Shielding","DC Resistance (DCR)","Q @ Freq","Frequency - Self Resonant","Operating Temperature","Frequency - Test","Mounting Type","Package / Case","Size / Dimension","Height - Seated (Max)","Supplier Device Package"
"http://www.tdk.co.jp/tefe02/e511_mlf_02.pdf","http://media.digikey.com/photos/TDK%20Photos/MLF2012%20SERIES.jpg","445-1032-1-ND","MLF2012D47NMT000","TDK Corporation","INDUCTOR MULTILAYER 0.047UH 0805",20049,0,"0.14000",0,1,"Cut Tape (CT)","MLF","Multilayer","Ferrite","47nH","±20%","300mA","-","Shielded","100 mOhm Max","15 @ 50MHz","550MHz","-40°C ~ 85°C","50MHz","Surface Mount","0805 (2012 Metric)","0.079"" L x 0.049"" W (2.00mm x 1.25mm)","0.041"" (1.05mm)","0805 (2012 Metric)"
"http://www.tdk.co.jp/tefe02/e511_mlf_02.pdf","http://media.digikey.com/photos/TDK%20Photos/MLF2012%20SERIES.jpg","445-1034-1-ND","MLF2012D82NMT000","TDK Corporation","INDUCTOR MULTILAYER 0.082UH 0805",0,0,"0.14000",0,1,"Cut Tape (CT)","MLF","Multilayer","Ferrite","82nH","±20%","300mA","-","Shielded","150 mOhm Max","15 @ 50MHz","450MHz","-40°C ~ 85°C","50MHz","Surface Mount","0805 (2012 Metric)","0.079"" L x 0.049"" W (2.00mm x 1.25mm)","0.041"" (1.05mm)","0805 (2012 Metric)"
"http://www.tdk.co.jp/tefe02/e511_mlf_02.pdf","http://media.digikey.com/photos/TDK%20Photos/MLF2012%20SERIES.jpg","445-1035-1-ND","MLF2012DR10KT000","TDK Corporation","INDUCTOR MULTILAYER 0.1UH 0805",20502,0,"0.16000",0,1,"Cut Tape (CT)","MLF","Multilayer","Ferrite","100nH","±10%","300mA","-","Shielded","150 mOhm Max","20 @ 25MHz","400MHz","-40°C ~ 85°C","25MHz","Surface Mount","0805 (2012 Metric)","0.079"" L x 0.049"" W (2.00mm x 1.25mm)","0.041"" (1.05mm)","0805 (2012 Metric)"
"http://www.tdk.co.jp/tefe02/e511_mlf_02.pdf","http://media.digikey.com/photos/TDK%20Photos/MLF2012%20SERIES.jpg","445-8983-1-ND","MLF2012DR10M","TDK Corporation","INDUCTOR MULTILAYER .10UH 0805",6824,0,"0.14000",0,1,"Cut Tape (CT)","MLF","Multilayer","Ferrite","100nH","±20%","300mA","-","Shielded","150 mOhm Max","20 @ 25MHz","400MHz","-40°C ~ 85°C","25MHz","Surface Mount","0805 (2012 Metric)","0.079"" L x 0.049"" W (2.00mm x 1.25mm)","0.041"" (1.05mm)","0805 (2012 Metric)"
"http://www.tdk.co.jp/tefe02/e533_mlz.pdf","http://media.digikey.com/Renders/TDK%20Renders/0805-MLZ.jpg","445-6395-1-ND","MLZ2012DR10DT000","TDK Corporation","INDUCTOR MULTILAYER 0.1UH 0805",1264,0,"0.10000",0,1,"Cut Tape (CT)","MLZ","Multilayer","Ferrite","100nH","±20%","1.15A","1A","Shielded","70 mOhm","-","500MHz","-55°C ~ 125°C","25MHz","Surface Mount","0805 (2012 Metric)","0.079"" L x 0.049"" W (2.00mm x 1.25mm)","0.041"" (1.05mm)","0805 (2012 Metric)"
"http://www.tdk.co.jp/tefe02/e511_mlf_02.pdf","http://media.digikey.com/photos/TDK%20Photos/MLF2012%20SERIES.jpg","445-1036-1-ND","MLF2012DR12KT000","TDK Corporation","INDUCTOR MULTILAYER 0.12UH 0805",9025,0,"0.16000",0,1,"Cut Tape (CT)","MLF","Multilayer","Ferrite","120nH","±10%","300mA","-","Shielded","200 mOhm Max","20 @ 25MHz","360MHz","-40°C ~ 85°C","25MHz","Surface Mount","0805 (2012 Metric)","0.079"" L x 0.049"" W (2.00mm x 1.25mm)","0.041"" (1.05mm)","0805 (2012 Metric)"
"http://www.tdk.co.jp/tefe02/e511_mlf_02.pdf","http://media.digikey.com/photos/TDK%20Photos/MLF2012%20SERIES.jpg","445-8984-1-ND","MLF2012DR12M","TDK Corporation","INDUCTOR MULTILAYER .12UH 0805",6461,0,"0.14000",0,1,"Cut Tape (CT)","MLF","Multilayer","Ferrite","120nH","±20%","300mA","-","Shielded","200 mOhm Max","20 @ 25MHz","360MHz","-40°C ~ 85°C","25MHz","Surface Mount","0805 (2012 Metric)","0.079"" L x 0.049"" W (2.00mm x 1.25mm)","0.041"" (1.05mm)","0805 (2012 Metric)"
"http://www.tdk.co.jp/tefe02/e511_mlf_02.pdf","http://media.digikey.com/photos/TDK%20Photos/MLF2012%20SERIES.jpg","445-1037-1-ND","MLF2012DR15KT000","TDK Corporation","INDUCTOR MULTILAYER 0.15UH 0805",14295,0,"0.16000",0,1,"Cut Tape (CT)","MLF","Multilayer","Ferrite","150nH","±10%","300mA","-","Shielded","200 mOhm Max","20 @ 25MHz","320MHz","-40°C ~ 85°C","25MHz","Surface Mount","0805 (2012 Metric)","0.079"" L x 0.049"" W (2.00mm x 1.25mm)","0.041"" (1.05mm)","0805 (2012 Metric)"
"http://www.tdk.co.jp/tefe02/e511_mlf_02.pdf","http://media.digikey.com/photos/TDK%20Photos/MLF2012%20SERIES.jpg","445-8985-1-ND","MLF2012DR15M","TDK Corporation","INDUCTOR MULTILAYER .15UH 0805",11274,0,"0.14000",0,1,"Cut Tape (CT)","MLF","Multilayer","Ferrite","150nH","±20%","300mA","-","Shielded","200 mOhm Max","20 @ 25MHz","320MHz","-40°C ~ 85°C","25MHz","Surface Mount","0805 (2012 Metric)","0.079"" L x 0.049"" W (2.00mm x 1.25mm)","0.041"" (1.05mm)","0805 (2012 Metric)"
"http://www.tdk.co.jp/tefe02/e511_mlf_02.pdf","http://media.digikey.com/photos/TDK%20Photos/MLF2012%20SERIES.jpg","445-8986-1-ND","MLF2012DR18M","TDK Corporation","INDUCTOR MULTILAYER .18UH 0805",15732,0,"0.14000",0,1,"Cut Tape (CT)","MLF","Multilayer","Ferrite","180nH","±20%","300mA","-","Shielded","250 mOhm Max","20 @ 25MHz","280MHz","-40°C ~ 85°C","25MHz","Surface Mount","0805 (2012 Metric)","0.079"" L x 0.049"" W (2.00mm x 1.25mm)","0.041"" (1.05mm)","0805 (2012 Metric)"
"http://www.tdk.co.jp/tefe02/e511_mlf_02.pdf","http://media.digikey.com/photos/TDK%20Photos/MLF2012%20SERIES.jpg","445-1039-1-ND","MLF2012DR22KT000","TDK Corporation","INDUCTOR MULTILAYER 0.22UH 0805",14161,0,"0.16000",0,1,"Cut Tape (CT)","MLF","Multilayer","Ferrite","220nH","±10%","250mA","-","Shielded","300 mOhm Max","20 @ 25MHz","250MHz","-40°C ~ 85°C","25MHz","Surface Mount","0805 (2012 Metric)","0.079"" L x 0.049"" W (2.00mm x 1.25mm)","0.041"" (1.05mm)","0805 (2012 Metric)"
"http://www.tdk.co.jp/tefe02/e511_mlf_02.pdf","http://media.digikey.com/photos/TDK%20Photos/MLF2012%20SERIES.jpg","445-8987-1-ND","MLF2012DR22M","TDK Corporation","INDUCTOR MULTILAYER .22UH 0805",6950,0,"0.14000",0,1,"Cut Tape (CT)","MLF","Multilayer","Ferrite","220nH","±20%","250mA","-","Shielded","300 mOhm Max","20 @ 25MHz","250MHz","-40°C ~ 85°C","25MHz","Surface Mount","0805 (2012 Metric)","0.079"" L x 0.049"" W (2.00mm x 1.25mm)","0.041"" (1.05mm)","0805 (2012 Metric)"
"http://www.tdk.co.jp/tefe02/e511_mlf_02.pdf","http://media.digikey.com/photos/TDK%20Photos/MLF2012%20SERIES.jpg","445-1040-1-ND","MLF2012DR27KT000","TDK Corporation","INDUCTOR MULTILAYER 0.27UH 0805",15680,0,"0.16000",0,1,"Cut Tape (CT)","MLF","Multilayer","Ferrite","270nH","±10%","250mA","-","Shielded","350 mOhm Max","20 @ 25MHz","220MHz","-40°C ~ 85°C","25MHz","Surface Mount","0805 (2012 Metric)","0.079"" L x 0.049"" W (2.00mm x 1.25mm)","0.041"" (1.05mm)","0805 (2012 Metric)"
"http://www.tdk.co.jp/tefe02/e511_mlf_02.pdf","http://media.digikey.com/photos/TDK%20Photos/MLF2012%20SERIES.jpg","445-8988-1-ND","MLF2012DR27M","TDK Corporation","INDUCTOR MULTILAYER .27UH 0805",7416,0,"0.14000",0,1,"Cut Tape (CT)","MLF","Multilayer","Ferrite","270nH","±20%","250mA","-","Shielded","350 mOhm Max","20 @ 25MHz","220MHz","-40°C ~ 85°C","25MHz","Surface Mount","0805 (2012 Metric)","0.079"" L x 0.049"" W (2.00mm x 1.25mm)","0.041"" (1.05mm)","0805 (2012 Metric)"
"http://www.tdk.co.jp/tefe02/e511_mlf_02.pdf","http://media.digikey.com/photos/TDK%20Photos/MLF2012%20SERIES.jpg","445-1041-1-ND","MLF2012DR33KT000","TDK Corporation","INDUCTOR MULTILAYER 0.33UH 0805",8267,0,"0.16000",0,1,"Cut Tape (CT)","MLF","Multilayer","Ferrite","330nH","±10%","250mA","-","Shielded","400 mOhm Max","20 @ 25MHz","200MHz","-40°C ~ 85°C","25MHz","Surface Mount","0805 (2012 Metric)","0.079"" L x 0.049"" W (2.00mm x 1.25mm)","0.041"" (1.05mm)","0805 (2012 Metric)"
"http://www.tdk.co.jp/tefe02/e511_mlf_02.pdf","http://media.digikey.com/photos/TDK%20Photos/MLF2012%20SERIES.jpg","445-8989-1-ND","MLF2012DR33M","TDK Corporation","INDUCTOR MULTILAYER .33UH 0805",6884,0,"0.14000",0,1,"Cut Tape (CT)","MLF","Multilayer","Ferrite","330nH","±20%","250mA","-","Shielded","400 mOhm Max","20 @ 25MHz","200MHz","-40°C ~ 85°C","25MHz","Surface Mount","0805 (2012 Metric)","0.079"" L x 0.049"" W (2.00mm x 1.25mm)","0.041"" (1.05mm)","0805 (2012 Metric)"
"http://www.tdk.co.jp/tefe02/e511_mlf_02.pdf","http://media.digikey.com/photos/TDK%20Photos/MLF2012%20SERIES.jpg","445-8990-1-ND","MLF2012DR39M","TDK Corporation","INDUCTOR MULTILAYER .39UH 0805",7414,0,"0.14000",0,1,"Cut Tape (CT)","MLF","Multilayer","Ferrite","390nH","±20%","200mA","-","Shielded","450 mOhm Max","25 @ 25MHz","180MHz","-40°C ~ 85°C","25MHz","Surface Mount","0805 (2012 Metric)","0.079"" L x 0.049"" W (2.00mm x 1.25mm)","0.041"" (1.05mm)","0805 (2012 Metric)"
"http://www.tdk.co.jp/tefe02/e511_mlf_02.pdf","http://media.digikey.com/photos/TDK%20Photos/MLF2012%20SERIES.jpg","445-1043-1-ND","MLF2012DR47KT000","TDK Corporation","INDUCTOR MULTILAYER 0.47UH 0805",12238,0,"0.16000",0,1,"Cut Tape (CT)","MLF","Multilayer","Ferrite","470nH","±10%","200mA","-","Shielded","500 mOhm Max","25 @ 25MHz","160MHz","-40°C ~ 85°C","25MHz","Surface Mount","0805 (2012 Metric)","0.079"" L x 0.049"" W (2.00mm x 1.25mm)","0.057"" (1.45mm)","0805 (2012 Metric)"
"http://www.tdk.co.jp/tefe02/e533_mlp.pdf","http://media.digikey.com/Renders/TDK%20Renders/MLP2012S3R3M.jpg","445-6367-1-ND","MLP2012SR47MT0S1","TDK Corporation","INDUCTOR MULTILAYER .47UH 0805",23959,0,"0.29000",0,1,"Cut Tape (CT)","MLP","Multilayer","Ferrite","470nH","±20%","1.2A","-","Shielded","90 mOhm","-","-","-40°C ~ 125°C","2MHz","Surface Mount","0805 (2012 Metric)","0.079"" L x 0.049"" W (2.00mm x 1.25mm)","0.022"" (0.55mm)","0805 (2012 Metric)"
"http://www.tdk.co.jp/tefe02/e511_mlf_02.pdf","http://media.digikey.com/photos/TDK%20Photos/MLF2012%20SERIES.jpg","445-8991-1-ND","MLF2012DR47M","TDK Corporation","INDUCTOR MULTILAYER .47UH 0805",3125,0,"0.14000",0,1,"Cut Tape (CT)","MLF","Multilayer","Ferrite","470nH","±20%","200mA","-","Shielded","500 mOhm Max","25 @ 25MHz","160MHz","-40°C ~ 85°C","25MHz","Surface Mount","0805 (2012 Metric)","0.079"" L x 0.049"" W (2.00mm x 1.25mm)","0.057"" (1.45mm)","0805 (2012 Metric)"
"http://www.tdk.co.jp/tefe02/e533_mlp.pdf","-","445-9502-1-ND","MLP2012VR47MT0S1","TDK Corporation","INDUCTOR MULTILAYER 47NH 0805",11895,0,"0.29000",0,1,"Cut Tape (CT)","MLP","Multilayer","Ferrite","470nH","±20%","1.1A","-","Shielded","110 mOhm","-","-","-40°C ~ 125°C","2MHz","Surface Mount","0805 (2012 Metric)","0.079"" L x 0.049"" W (2.00mm x 1.25mm)","0.039"" (1.00mm)","0805 (2012 Metric)"
"http://product.tdk.com/inductor/ind/en/documents/inductor_commercial_power_mlp_en.pdf","-","445-15716-1-ND","MLP2012HR47MT0S1","TDK Corporation","INDUCTOR POWER 470NH 20% 0805",7780,0,"0.29000",0,1,"Cut Tape (CT)","MLP","Multilayer","Ferrite","470nH","±20%","1.3A","-","Unshielded","70 mOhm","-","-","-40°C ~ 125°C","2MHz","Surface Mount","0805 (2012 Metric)","0.079"" L x 0.049"" W (2.00mm x 1.25mm)","0.039"" (1.00mm)","0805 (2012 Metric)"
"http://www.tdk.co.jp/tefe02/e533_mlp.pdf","http://media.digikey.com/Renders/TDK%20Renders/MLP2012S3R3M.jpg","445-6368-1-ND","MLP2012SR47T","TDK Corporation","INDUCTOR MULTILAYER .47UH 0805",4918,0,"0.29000",0,1,"Cut Tape (CT)","MLP","Multilayer","Ferrite","470nH","±20%","1.2A","-","Shielded","130 mOhm","-","-","-40°C ~ 125°C","2MHz","Surface Mount","0805 (2012 Metric)","0.079"" L x 0.049"" W (2.00mm x 1.25mm)","0.022"" (0.55mm)","0805 (2012 Metric)"
"http://product.tdk.com/inductor/ind/en/documents/inductor_commercial_power_mlp_en.pdf","-","445-15717-1-ND","MLP2012HR54MT0S1","TDK Corporation","INDUCTOR POWER 540NH 20% 0805",7420,0,"0.29000",0,1,"Cut Tape (CT)","MLP","Multilayer","Ferrite","540nH","±20%","1.3A","-","Unshielded","65 mOhm","-","-","-40°C ~ 125°C","2MHz","Surface Mount","0805 (2012 Metric)","0.079"" L x 0.049"" W (2.00mm x 1.25mm)","0.039"" (1.00mm)","0805 (2012 Metric)"
"http://www.tdk.co.jp/tefe02/e511_mlf_02.pdf","http://media.digikey.com/photos/TDK%20Photos/MLF2012%20SERIES.jpg","445-1044-1-ND","MLF2012DR56KT000","TDK Corporation","INDUCTOR MULTILAYER 0.56UH 0805",22132,0,"0.16000",0,1,"Cut Tape (CT)","MLF","Multilayer","Ferrite","560nH","±10%","150mA","-","Shielded","550 mOhm Max","25 @ 25MHz","150MHz","-40°C ~ 85°C","25MHz","Surface Mount","0805 (2012 Metric)","0.079"" L x 0.049"" W (2.00mm x 1.25mm)","0.057"" (1.45mm)","0805 (2012 Metric)"
"http://www.tdk.co.jp/tefe02/e511_mlf_02.pdf","http://media.digikey.com/photos/TDK%20Photos/MLF2012%20SERIES.jpg","445-8992-1-ND","MLF2012DR56M","TDK Corporation","INDUCTOR MULTILAYER .56UH 0805",3564,0,"0.14000",0,1,"Cut Tape (CT)","MLF","Multilayer","Ferrite","560nH","±20%","150mA","-","Shielded","550 mOhm Max","25 @ 25MHz","150MHz","-40°C ~ 85°C","25MHz","Surface Mount","0805 (2012 Metric)","0.079"" L x 0.049"" W (2.00mm x 1.25mm)","0.057"" (1.45mm)","0805 (2012 Metric)"
"http://www.tdk.co.jp/tefe02/e511_mlf_02.pdf","http://media.digikey.com/photos/TDK%20Photos/MLF2012%20SERIES.jpg","445-1045-1-ND","MLF2012DR68KT000","TDK Corporation","INDUCTOR MULTILAYER 0.68UH 0805",13759,0,"0.16000",0,1,"Cut Tape (CT)","MLF","Multilayer","Ferrite","680nH","±10%","150mA","-","Shielded","600 mOhm Max","25 @ 25MHz","140MHz","-40°C ~ 85°C","25MHz","Surface Mount","0805 (2012 Metric)","0.079"" L x 0.049"" W (2.00mm x 1.25mm)","0.057"" (1.45mm)","0805 (2012 Metric)"
"http://www.tdk.co.jp/tefe02/e511_mlf_02.pdf","http://media.digikey.com/photos/TDK%20Photos/MLF2012%20SERIES.jpg","445-8993-1-ND","MLF2012DR68M","TDK Corporation","INDUCTOR MULTILAYER .68UH 0805",3114,0,"0.14000",0,1,"Cut Tape (CT)","MLF","Multilayer","Ferrite","680nH","±20%","150mA","-","Shielded","600 mOhm Max","25 @ 25MHz","140MHz","-40°C ~ 85°C","25MHz","Surface Mount","0805 (2012 Metric)","0.079"" L x 0.049"" W (2.00mm x 1.25mm)","0.057"" (1.45mm)","0805 (2012 Metric)"
"http://www.tdk.co.jp/tefe02/e511_mlf_02.pdf","http://media.digikey.com/photos/TDK%20Photos/MLF2012%20SERIES.jpg","445-1046-1-ND","MLF2012DR82KT000","TDK Corporation","INDUCTOR MULTILAYER 0.82UH 0805",16974,0,"0.16000",0,1,"Cut Tape (CT)","MLF","Multilayer","Ferrite","820nH","±10%","150mA","-","Shielded","650 mOhm Max","25 @ 25MHz","130MHz","-40°C ~ 85°C","25MHz","Surface Mount","0805 (2012 Metric)","0.079"" L x 0.049"" W (2.00mm x 1.25mm)","0.057"" (1.45mm)","0805 (2012 Metric)"
"http://www.tdk.co.jp/tefe02/e511_mlf_02.pdf","http://media.digikey.com/photos/TDK%20Photos/MLF2012%20SERIES.jpg","445-8994-1-ND","MLF2012DR82M","TDK Corporation","INDUCTOR MULTILAYER .82UH 0805",4493,0,"0.14000",0,1,"Cut Tape (CT)","MLF","Multilayer","Ferrite","820nH","±20%","150mA","-","Shielded","650 mOhm Max","25 @ 25MHz","130MHz","-40°C ~ 85°C","25MHz","Surface Mount","0805 (2012 Metric)","0.079"" L x 0.049"" W (2.00mm x 1.25mm)","0.057"" (1.45mm)","0805 (2012 Metric)"
"http://www.tdk.co.jp/tefe02/e533_mlp.pdf","http://media.digikey.com/Renders/TDK%20Renders/MLP2012S3R3M.jpg","445-6369-1-ND","MLP2012SR82T","TDK Corporation","INDUCTOR MULTILAYER .82UH 0805",4508,0,"0.29000",0,1,"Cut Tape (CT)","MLP","Multilayer","Ferrite","820nH","±20%","1.2A","-","Shielded","130 mOhm","-","-","-40°C ~ 125°C","2MHz","Surface Mount","0805 (2012 Metric)","0.079"" L x 0.049"" W (2.00mm x 1.25mm)","0.022"" (0.55mm)","0805 (2012 Metric)"
"http://www.tdk.co.jp/tefe02/e511_mlf_02.pdf","http://media.digikey.com/photos/TDK%20Photos/MLF2012%20SERIES.jpg","445-1047-1-ND","MLF2012A1R0KT000","TDK Corporation","INDUCTOR MULTILAYER 1UH 0805",43785,0,"0.16000",0,1,"Cut Tape (CT)","MLF","Multilayer","Ferrite","1µH","±10%","80mA","-","Shielded","300 mOhm Max","45 @ 10MHz","120MHz","-40°C ~ 85°C","10MHz","Surface Mount","0805 (2012 Metric)","0.079"" L x 0.049"" W (2.00mm x 1.25mm)","0.041"" (1.05mm)","0805 (2012 Metric)"
"-","http://media.digikey.com/Renders/TDK%20Renders/0805-MLZ.jpg","445-3167-1-ND","MLZ2012A1R0M","TDK Corporation","INDUCTOR MULTILAYER 1.0UH 0805",17488,0,"0.10000",0,1,"Cut Tape (CT)","MLZ","Multilayer","Ferrite","1µH","±20%","900mA","280mA","Shielded","100 mOhm","-","160MHz","-55°C ~ 125°C","10MHz","Surface Mount","0805 (2012 Metric)","0.079"" L x 0.049"" W (2.00mm x 1.25mm)","0.041"" (1.05mm)","0805 (2012 Metric)"
"http://www.tdk.co.jp/tefe02/e533_mlz.pdf","http://media.digikey.com/Renders/TDK%20Renders/0805-MLZ.jpg","445-6391-1-ND","MLZ2012A1R0WT000","TDK Corporation","INDUCTOR MULTILAYER 1.0UH 0805",23745,0,"0.11000",0,1,"Cut Tape (CT)","MLZ","Multilayer","Ferrite","1µH","±20%","900mA","280mA","Shielded","100 mOhm","-","160MHz","-55°C ~ 125°C","10MHz","Surface Mount","0805 (2012 Metric)","0.079"" L x 0.049"" W (2.00mm x 1.25mm)","0.041"" (1.05mm)","0805 (2012 Metric)"
"http://www.tdk.co.jp/tefe02/e533_mlz.pdf","http://media.digikey.com/Renders/TDK%20Renders/0805-MLZ.jpg","445-6756-1-ND","MLZ2012N1R0LT000","TDK Corporation","INDUCTOR MULTILAYER 1.0UH 0805",18687,0,"0.11000",0,1,"Cut Tape (CT)","MLZ","Multilayer","Ferrite","1µH","±20%","1.15A","220mA","Shielded","60 mOhm","-","160MHz","-55°C ~ 125°C","2MHz","Surface Mount","0805 (2012 Metric)","0.079"" L x 0.049"" W (2.00mm x 1.25mm)","0.041"" (1.05mm)","0805 (2012 Metric)"
"http://www.tdk.co.jp/tefe02/e533_mlz_h.pdf","http://media.digikey.com/Renders/TDK%20Renders/0805-MLZ.jpg","445-8657-1-ND","MLZ2012M1R0HT000","TDK Corporation","INDUCTOR MULTILAYER 1UH 0805",10470,0,"0.12000",0,1,"Cut Tape (CT)","MLZ","Multilayer","Ferrite","1µH","±20%","800mA","700mA","Shielded","100 mOhm","-","150MHz","-55°C ~ 125°C","2MHz","Surface Mount","0805 (2012 Metric)","0.079"" L x 0.049"" W (2.00mm x 1.25mm)","0.041"" (1.05mm)","0805 (2012 Metric)"
"http://www.tdk.co.jp/tefe02/e533_mlp.pdf","http://media.digikey.com/Renders/TDK%20Renders/MLP2012S3R3M.jpg","445-6362-1-ND","MLP2012S1R0MT0S1","TDK Corporation","INDUCTOR MULTILAYER 1.0UH 0805",8479,0,"0.29000",0,1,"Cut Tape (CT)","MLP","Multilayer","Ferrite","1µH","±20%","1A","-","Shielded","160 mOhm","-","-","-40°C ~ 125°C","2MHz","Surface Mount","0805 (2012 Metric)","0.079"" L x 0.049"" W (2.00mm x 1.25mm)","0.039"" (1.00mm)","0805 (2012 Metric)"
"http://www.tdk.co.jp/tefe02/e511_mlf_02.pdf","http://media.digikey.com/photos/TDK%20Photos/MLF2012%20SERIES.jpg","445-8966-1-ND","MLF2012A1R0M","TDK Corporation","INDUCTOR MULTILAYER 1UH 0805",11085,0,"0.14000",0,1,"Cut Tape (CT)","MLF","Multilayer","Ferrite","1µH","±20%","80mA","-","Shielded","300 mOhm Max","45 @ 10MHz","120MHz","-40°C ~ 85°C","10MHz","Surface Mount","0805 (2012 Metric)","0.079"" L x 0.049"" W (2.00mm x 1.25mm)","0.041"" (1.05mm)","0805 (2012 Metric)"
"http://www.tdk.co.jp/tefe02/e533_mlp.pdf","http://media.digikey.com/Renders/TDK%20Renders/MLP2012S3R3M.jpg","445-6764-1-ND","MLP2012S1R0T","TDK Corporation","INDUCTOR MULTILAYER 1.0UH 0805",15547,0,"0.29000",0,1,"Cut Tape (CT)","MLP","Multilayer","Ferrite","1µH","±20%","800mA","-","Shielded","230 mOhm","-","-","-40°C ~ 125°C","2MHz","Surface Mount","0805 (2012 Metric)","0.079"" L x 0.049"" W (2.00mm x 1.25mm)","0.039"" (1.00mm)","0805 (2012 Metric)"
"http://product.tdk.com/inductor/ind/en/documents/inductor_commercial_power_mlp_en.pdf","-","445-15718-1-ND","MLP2012V1R0T","TDK Corporation","INDUCTOR POWER 1UH 20%",8000,0,"0.29000",0,1,"Cut Tape (CT)","MLP","Multilayer","Ferrite","1µH","±20%","700mA","-","Unshielded","260 mOhm","-","-","-40°C ~ 125°C","2MHz","Surface Mount","0805 (2012 Metric)","0.079"" L x 0.049"" W (2.00mm x 1.25mm)","0.039"" (1.00mm)","0805 (2012 Metric)"
"http://www.tdk.co.jp/tefe02/e533_mlp.pdf","-","445-9503-1-ND","MLP2012V1R0MT0S1","TDK Corporation","INDUCTOR MULTILAYER 1.0NH 0805",7895,0,"0.29000",0,1,"Cut Tape (CT)","MLP","Multilayer","Ferrite","1µH","±20%","900mA","-","Shielded","200 mOhm","-","-","-40°C ~ 125°C","2MHz","Surface Mount","0805 (2012 Metric)","0.079"" L x 0.049"" W (2.00mm x 1.25mm)","0.039"" (1.00mm)","0805 (2012 Metric)"
"http://product.tdk.com/inductor/ind/en/documents/inductor_commercial_power_mlp_en.pdf","-","445-15713-1-ND","MLP2012H1R0MT0S1","TDK Corporation","INDUCTOR POWER 1UH 20%",7857,0,"0.29000",0,1,"Cut Tape (CT)","MLP","Multilayer","Ferrite","1µH","±20%","1.1A","-","Unshielded","120 mOhm","-","-","-40°C ~ 125°C","2MHz","Surface Mount","0805 (2012 Metric)","0.079"" L x 0.049"" W (2.00mm x 1.25mm)","0.039"" (1.00mm)","0805 (2012 Metric)"
"http://product.tdk.com/inductor/ind/en/documents/inductor_automotive_decoupling_mlz_en.pdf","-","445-16372-1-ND","MLZ2012A1R0WTD25","TDK Corporation","INDUCTOR MULTILAYER 2012",0,0,"0.14000",0,1,"Cut Tape (CT)","MLZ","Multilayer","Ferrite","1µH","±20%","900mA","280mA","Shielded","130 mOhm Max","-","-","-55°C ~ 125°C","10MHz","Surface Mount","0805 (2012 Metric)","0.079"" L x 0.049"" W (2.00mm x 1.25mm)","0.041"" (1.05mm)","0805 (2012 Metric)"
"http://product.tdk.com/inductor/ind/en/documents/inductor_automotive_decoupling_mlz_en.pdf","-","445-16378-1-ND","MLZ2012N1R0LTD25","TDK Corporation","INDUCTOR MULTILAYER 2012",0,0,"0.14000",0,1,"Cut Tape (CT)","MLZ","Multilayer","Ferrite","1µH","±20%","1.15A","220mA","Shielded","78 mOhm Max","-","-","-55°C ~ 125°C","2MHz","Surface Mount","0805 (2012 Metric)","0.079"" L x 0.049"" W (2.00mm x 1.25mm)","0.041"" (1.05mm)","0805 (2012 Metric)"
"http://media.digikey.com/pdf/Data%20Sheets/TDK%20PDFs/GLF,GLC%20Series.pdf","http://media.digikey.com/photos/TDK%20Photos/GLCR2012T1R0M-HC.jpg","445-3156-1-ND","GLF2012T1R0M","TDK Corporation","INDUCTOR 1.0UH 400MA 20% 0805",0,0,"Call",0,1,"Cut Tape (CT)","GLF","Wirewound","-","1µH","±20%","850mA","275mA","Shielded","70 mOhm","-","-","-40°C ~ 105°C","-","Surface Mount","0805 (2012 Metric)","0.079"" L x 0.049"" W (2.00mm x 1.25mm)","0.053"" (1.35mm)","0805 (2012 Metric)"
"http://media.digikey.com/pdf/Data%20Sheets/TDK%20PDFs/GLFR2012.pdf","http://media.digikey.com/Renders/TDK%20Renders/0805-GLCR.jpg","445-3611-1-ND","GLFR2012T1R0M-LR","TDK Corporation","INDUCTOR 1.0UH 300MA 20% 0805",0,0,"Call",0,1,"Cut Tape (CT)","GLFR","Wirewound","-","1µH","±20%","1.15A","300mA","Shielded","58 mOhm","-","-","-40°C ~ 105°C","-","Surface Mount","0805 (2012 Metric)","0.079"" L x 0.049"" W (2.00mm x 1.25mm)","0.053"" (1.35mm)","0805 (2012 Metric)"
"http://media.digikey.com/pdf/Data%20Sheets/TDK%20PDFs/GLF,GLC%20Series.pdf","http://media.digikey.com/photos/TDK%20Photos/GLCR2012T1R0M-HC.jpg","445-3618-1-ND","GLF201208T1R0M","TDK Corporation","INDUCTOR 1.0UH 340MA 20% 0805",0,0,"Call",0,1,"Cut Tape (CT)","GLF","Wirewound","-","1µH","±20%","650mA","340mA","Shielded","190 mOhm","-","-","-40°C ~ 105°C","-","Surface Mount","0805 (2012 Metric)","0.079"" L x 0.049"" W (2.00mm x 1.25mm)","0.053"" (1.35mm)","0805 (2012 Metric)"
"http://media.digikey.com/pdf/Data%20Sheets/TDK%20PDFs/GLCR2012.pdf","http://media.digikey.com/Renders/TDK%20Renders/0805-GLCR.jpg","445-3624-1-ND","GLCR2012T1R0M-HC","TDK Corporation","INDUCTOR 1.0UH 490MA 20% 0805",0,0,"Call",0,1,"Cut Tape (CT)","GLCR","Wirewound","-","1µH","±20%","900mA","490mA","Shielded","90 mOhm","-","-","-40°C ~ 105°C","-","Surface Mount","0805 (2012 Metric)","0.079"" L x 0.049"" W (2.00mm x 1.25mm)","0.053"" (1.35mm)","0805 (2012 Metric)"
"http://www.tdk.co.jp/tefe02/e511_mlf_02.pdf","http://media.digikey.com/photos/TDK%20Photos/MLF2012%20SERIES.jpg","445-1048-1-ND","MLF2012A1R2KT000","TDK Corporation","INDUCTOR MULTILAYER 1.2UH 0805",32612,0,"0.16000",0,1,"Cut Tape (CT)","MLF","Multilayer","Ferrite","1.2µH","±10%","80mA","-","Shielded","350 mOhm Max","45 @ 10MHz","110MHz","-40°C ~ 85°C","10MHz","Surface Mount","0805 (2012 Metric)","0.079"" L x 0.049"" W (2.00mm x 1.25mm)","0.041"" (1.05mm)","0805 (2012 Metric)"
"http://www.tdk.co.jp/tefe02/e511_mlf_02.pdf","http://media.digikey.com/photos/TDK%20Photos/MLF2012%20SERIES.jpg","445-8967-1-ND","MLF2012A1R2M","TDK Corporation","INDUCTOR MULTILAYER 1.2UH 0805",7356,0,"0.14000",0,1,"Cut Tape (CT)","MLF","Multilayer","Ferrite","1.2µH","±20%","80mA","-","Shielded","350 mOhm Max","45 @ 10MHz","110MHz","-40°C ~ 85°C","10MHz","Surface Mount","0805 (2012 Metric)","0.079"" L x 0.049"" W (2.00mm x 1.25mm)","0.041"" (1.05mm)","0805 (2012 Metric)"
"http://www.tdk.co.jp/tefe02/e533_mlz.pdf","http://media.digikey.com/Renders/TDK%20Renders/0805-MLZ.jpg","445-6392-1-ND","MLZ2012A1R5WT000","TDK Corporation","INDUCTOR MULTILAYER 1.5UH 0805",9419,0,"0.11000",0,1,"Cut Tape (CT)","MLZ","Multilayer","Ferrite","1.5µH","±20%","750mA","250mA","Shielded","130 mOhm","-","140MHz","-55°C ~ 125°C","10MHz","Surface Mount","0805 (2012 Metric)","0.079"" L x 0.049"" W (2.00mm x 1.25mm)","0.041"" (1.05mm)","0805 (2012 Metric)"
"http://www.tdk.co.jp/tefe02/e533_mlp.pdf","http://media.digikey.com/Renders/TDK%20Renders/MLP2012S3R3M.jpg","445-6363-1-ND","MLP2012S1R5MT0S1","TDK Corporation","INDUCTOR MULTILAYER 1.5UH 0805",104970,0,"0.29000",0,1,"Cut Tape (CT)","MLP","Multilayer","Ferrite","1.5µH","±20%","1A","-","Shielded","160 mOhm","-","-","-40°C ~ 125°C","2MHz","Surface Mount","0805 (2012 Metric)","0.079"" L x 0.049"" W (2.00mm x 1.25mm)","0.039"" (1.00mm)","0805 (2012 Metric)"
"http://www.tdk.co.jp/tefe02/e533_mlz.pdf","http://media.digikey.com/Renders/TDK%20Renders/0805-MLZ.jpg","445-6757-1-ND","MLZ2012N1R5LT000","TDK Corporation","INDUCTOR MULTILAYER 1.5UH 0805",5869,0,"0.11000",0,1,"Cut Tape (CT)","MLZ","Multilayer","Ferrite","1.5µH","±20%","900mA","190mA","Shielded","100 mOhm","-","140MHz","-55°C ~ 125°C","2MHz","Surface Mount","0805 (2012 Metric)","0.079"" L x 0.049"" W (2.00mm x 1.25mm)","0.041"" (1.05mm)","0805 (2012 Metric)"
"http://www.tdk.co.jp/tefe02/e511_mlf_02.pdf","http://media.digikey.com/photos/TDK%20Photos/MLF2012%20SERIES.jpg","445-8968-1-ND","MLF2012A1R5M","TDK Corporation","INDUCTOR MULTILAYER 1.5UH 0805",7454,0,"0.14000",0,1,"Cut Tape (CT)","MLF","Multilayer","Ferrite","1.5µH","±20%","80mA","-","Shielded","400 mOhm Max","45 @ 10MHz","100MHz","-40°C ~ 85°C","10MHz","Surface Mount","0805 (2012 Metric)","0.079"" L x 0.049"" W (2.00mm x 1.25mm)","0.041"" (1.05mm)","0805 (2012 Metric)"
"http://www.tdk.co.jp/tefe02/e533_mlp.pdf","http://media.digikey.com/Renders/TDK%20Renders/MLP2012S3R3M.jpg","445-6765-1-ND","MLP2012S1R5T","TDK Corporation","INDUCTOR MULTILAYER 1.5UH 0805",7670,0,"0.29000",0,1,"Cut Tape (CT)","MLP","Multilayer","Ferrite","1.5µH","±20%","700mA","-","Shielded","270 mOhm","-","-","-40°C ~ 125°C","2MHz","Surface Mount","0805 (2012 Metric)","0.079"" L x 0.049"" W (2.00mm x 1.25mm)","0.039"" (1.00mm)","0805 (2012 Metric)"
"http://product.tdk.com/inductor/ind/en/documents/inductor_decoupling_mlz_en.pdf","-","445-15748-1-ND","MLZ2012M1R5HT000","TDK Corporation","INDUCTOR MULTILAYER 1.5UH",5700,0,"0.12000",0,1,"Cut Tape (CT)","MLZ","Multilayer","Ferrite","1.5µH","±20%","700mA","550mA","Shielded","140 mOhm","-","-","-","-","Surface Mount","0805 (2012 Metric)","0.079"" L x 0.049"" W (2.00mm x 1.25mm)","0.057"" (1.45mm)","0805 (2012 Metric)"
"http://product.tdk.com/inductor/ind/en/documents/inductor_commercial_power_mlp_en.pdf","-","445-15719-1-ND","MLP2012V1R5MT0S1","TDK Corporation","INDUCTOR MULTILAYER 1.5UH",8000,0,"0.29000",0,1,"Cut Tape (CT)","MLP","Multilayer","Ferrite","1.5µH","±20%","800mA","-","Unshielded","230 mOhm","-","-","-40°C ~ 125°C","2MHz","Surface Mount","0805 (2012 Metric)","0.079"" L x 0.049"" W (2.00mm x 1.25mm)","0.039"" (1.00mm)","0805 (2012 Metric)"
"http://product.tdk.com/inductor/ind/en/documents/inductor_commercial_power_mlp_en.pdf","-","445-15714-1-ND","MLP2012H1R5MT0S1","TDK Corporation","INDUCTOR MULTILAYER 1.5UH",7200,0,"0.29000",0,1,"Cut Tape (CT)","MLP","Multilayer","Ferrite","1.5µH","±20%","1.1A","-","Unshielded","120 mOhm","-","-","-40°C ~ 125°C","2MHz","Surface Mount","0805 (2012 Metric)","0.079"" L x 0.049"" W (2.00mm x 1.25mm)","0.039"" (1.00mm)","0805 (2012 Metric)"
"http://product.tdk.com/inductor/ind/en/documents/inductor_automotive_decoupling_mlz_en.pdf","-","445-16373-1-ND","MLZ2012A1R5WTD25","TDK Corporation","INDUCTOR MULTILAYER 2012",0,0,"0.14000",0,1,"Cut Tape (CT)","MLZ","Multilayer","Ferrite","1.5µH","±20%","750mA","250mA","Shielded","169 mOhm Max","-","-","-55°C ~ 125°C","10MHz","Surface Mount","0805 (2012 Metric)","0.079"" L x 0.049"" W (2.00mm x 1.25mm)","0.041"" (1.05mm)","0805 (2012 Metric)"
"http://product.tdk.com/inductor/ind/en/documents/inductor_automotive_decoupling_mlz_en.pdf","-","445-16379-1-ND","MLZ2012N1R5LTD25","TDK Corporation","INDUCTOR MULTILAYER 2012",0,0,"0.14000",0,1,"Cut Tape (CT)","MLZ","Multilayer","Ferrite","1.5µH","±20%","900mA","190mA","Shielded","130 mOhm Max","-","-","-55°C ~ 125°C","2MHz","Surface Mount","0805 (2012 Metric)","0.079"" L x 0.049"" W (2.00mm x 1.25mm)","0.041"" (1.05mm)","0805 (2012 Metric)"
"http://www.tdk.co.jp/tefe02/e511_mlf_02.pdf","http://media.digikey.com/photos/TDK%20Photos/MLF2012%20SERIES.jpg","445-8969-1-ND","MLF2012A1R8M","TDK Corporation","INDUCTOR MULTILAYER 1.8UH 0805",7403,0,"0.14000",0,1,"Cut Tape (CT)","MLF","Multilayer","Ferrite","1.8µH","±20%","80mA","-","Shielded","450 mOhm Max","45 @ 10MHz","90MHz","-40°C ~ 85°C","10MHz","Surface Mount","0805 (2012 Metric)","0.079"" L x 0.049"" W (2.00mm x 1.25mm)","0.041"" (1.05mm)","0805 (2012 Metric)"
"http://www.tdk.co.jp/tefe02/e511_mlf_02.pdf","http://media.digikey.com/photos/TDK%20Photos/MLF2012%20SERIES.jpg","445-1050-1-ND","MLF2012A1R8KT000","TDK Corporation","INDUCTOR MULTILAYER 1.8UH 0805",2792,0,"0.16000",0,1,"Cut Tape (CT)","MLF","Multilayer","Ferrite","1.8µH","±10%","80mA","-","Shielded","450 mOhm Max","45 @ 10MHz","90MHz","-40°C ~ 85°C","10MHz","Surface Mount","0805 (2012 Metric)","0.079"" L x 0.049"" W (2.00mm x 1.25mm)","0.041"" (1.05mm)","0805 (2012 Metric)"
"http://www.tdk.co.jp/tefe02/e511_mlf_02.pdf","http://media.digikey.com/photos/TDK%20Photos/MLF2012%20SERIES.jpg","445-1051-1-ND","MLF2012A2R2KT000","TDK Corporation","INDUCTOR MULTILAYER 2.2UH 0805",60642,0,"0.16000",0,1,"Cut Tape (CT)","MLF","Multilayer","Ferrite","2.2µH","±10%","50mA","-","Shielded","500 mOhm Max","45 @ 10MHz","80MHz","-40°C ~ 85°C","10MHz","Surface Mount","0805 (2012 Metric)","0.079"" L x 0.049"" W (2.00mm x 1.25mm)","0.041"" (1.05mm)","0805 (2012 Metric)"
"-","http://media.digikey.com/Renders/TDK%20Renders/0805-MLZ.jpg","445-3168-1-ND","MLZ2012A2R2M","TDK Corporation","INDUCTOR MULTILAYER 2.2UH 0805",17752,0,"0.10000",0,1,"Cut Tape (CT)","MLZ","Multilayer","Ferrite","2.2µH","±20%","650mA","210mA","Shielded","150 mOhm","-","100MHz","-55°C ~ 125°C","10MHz","Surface Mount","0805 (2012 Metric)","0.079"" L x 0.049"" W (2.00mm x 1.25mm)","0.041"" (1.05mm)","0805 (2012 Metric)"
"http://www.tdk.co.jp/tefe02/e533_mlz.pdf","http://media.digikey.com/Renders/TDK%20Renders/0805-MLZ.jpg","445-6393-1-ND","MLZ2012A2R2WT000","TDK Corporation","INDUCTOR MULTILAYER 2.2UH 0805",13517,0,"0.11000",0,1,"Cut Tape (CT)","MLZ","Multilayer","Ferrite","2.2µH","±20%","650mA","210mA","Shielded","150 mOhm","-","120MHz","-55°C ~ 125°C","10MHz","Surface Mount","0805 (2012 Metric)","0.079"" L x 0.049"" W (2.00mm x 1.25mm)","0.041"" (1.05mm)","0805 (2012 Metric)"
"http://www.tdk.co.jp/tefe02/e533_mlz.pdf","http://media.digikey.com/Renders/TDK%20Renders/0805-MLZ.jpg","445-6758-1-ND","MLZ2012N2R2LT000","TDK Corporation","INDUCTOR MULTILAYER 2.2UH 0805",9303,0,"0.11000",0,1,"Cut Tape (CT)","MLZ","Multilayer","Ferrite","2.2µH","±20%","800mA","170mA","Shielded","120 mOhm","-","120MHz","-55°C ~ 125°C","2MHz","Surface Mount","0805 (2012 Metric)","0.079"" L x 0.049"" W (2.00mm x 1.25mm)","0.041"" (1.05mm)","0805 (2012 Metric)"
"http://www.tdk.co.jp/tefe02/e533_mlp.pdf","http://media.digikey.com/Renders/TDK%20Renders/MLP2012S3R3M.jpg","445-6364-1-ND","MLP2012S2R2MT0S1","TDK Corporation","INDUCTOR MULTILAYER 2.2UH 0805",22549,0,"0.29000",0,1,"Cut Tape (CT)","MLP","Multilayer","Ferrite","2.2µH","±20%","800mA","-","Shielded","230 mOhm","-","-","-40°C ~ 125°C","2MHz","Surface Mount","0805 (2012 Metric)","0.079"" L x 0.049"" W (2.00mm x 1.25mm)","0.039"" (1.00mm)","0805 (2012 Metric)"
"http://www.tdk.co.jp/tefe02/e511_mlf_02.pdf","http://media.digikey.com/photos/TDK%20Photos/MLF2012%20SERIES.jpg","445-8970-1-ND","MLF2012A2R2M","TDK Corporation","INDUCTOR MULTILAYER 2.2UH 0805",7114,0,"0.14000",0,1,"Cut Tape (CT)","MLF","Multilayer","Ferrite","2.2µH","±20%","50mA","-","Shielded","500 mOhm Max","45 @ 10MHz","80MHz","-40°C ~ 85°C","10MHz","Surface Mount","0805 (2012 Metric)","0.079"" L x 0.049"" W (2.00mm x 1.25mm)","0.041"" (1.05mm)","0805 (2012 Metric)"
"http://www.tdk.co.jp/tefe02/e533_mlp.pdf","http://media.digikey.com/Renders/TDK%20Renders/MLP2012S3R3M.jpg","445-6766-1-ND","MLP2012S2R2T","TDK Corporation","INDUCTOR MULTILAYER 2.2UH 0805",8284,0,"0.29000",0,1,"Cut Tape (CT)","MLP","Multilayer","Ferrite","2.2µH","±20%","600mA","-","Shielded","330 mOhm","-","-","-40°C ~ 125°C","2MHz","Surface Mount","0805 (2012 Metric)","0.079"" L x 0.049"" W (2.00mm x 1.25mm)","0.039"" (1.00mm)","0805 (2012 Metric)"
"http://product.tdk.com/inductor/ind/en/documents/inductor_commercial_power_mlp_en.pdf","-","445-15715-1-ND","MLP2012H2R2MT0S1","TDK Corporation","INDUCTOR POWER 2.2UH 20% 0805",7110,0,"0.29000",0,1,"Cut Tape (CT)","MLP","Multilayer","Ferrite","2.2µH","±20%","1A","-","Unshielded","150 mOhm","-","-","-40°C ~ 125°C","2MHz","Surface Mount","0805 (2012 Metric)","0.079"" L x 0.049"" W (2.00mm x 1.25mm)","0.039"" (1.00mm)","0805 (2012 Metric)"
"http://product.tdk.com/inductor/ind/en/documents/inductor_commercial_power_mlp_en.pdf","-","445-15720-1-ND","MLP2012V2R2MT0S1","TDK Corporation","INDUCTOR POWER 2.2UH 20% 0805",7990,0,"0.29000",0,1,"Cut Tape (CT)","MLP","Multilayer","Ferrite","2.2µH","±20%","700mA","-","Unshielded","280 mOhm","-","-","-40°C ~ 125°C","2MHz","Surface Mount","0805 (2012 Metric)","0.079"" L x 0.049"" W (2.00mm x 1.25mm)","0.039"" (1.00mm)","0805 (2012 Metric)"
"http://www.tdk.co.jp/tefe02/e533_mlz_h.pdf","http://media.digikey.com/Renders/TDK%20Renders/0805-MLZ.jpg","445-8658-1-ND","MLZ2012M2R2HT000","TDK Corporation","INDUCTOR MULTILAYER 2.2UH 0805",0,0,"0.12000",0,1,"Cut Tape (CT)","MLZ","Multilayer","Ferrite","2.2µH","±20%","600mA","400mA","Shielded","160 mOhm","-","100MHz","-55°C ~ 125°C","2MHz","Surface Mount","0805 (2012 Metric)","0.079"" L x 0.049"" W (2.00mm x 1.25mm)","0.041"" (1.05mm)","0805 (2012 Metric)"
"http://product.tdk.com/inductor/ind/en/documents/inductor_automotive_decoupling_mlz_en.pdf","-","445-16374-1-ND","MLZ2012A2R2WTD25","TDK Corporation","INDUCTOR MULTILAYER 2012",0,0,"0.14000",0,1,"Cut Tape (CT)","MLZ","Multilayer","Ferrite","2.2µH","±20%","650mA","210mA","Shielded","195 mOhm Max","-","-","-55°C ~ 125°C","10MHz","Surface Mount","0805 (2012 Metric)","0.079"" L x 0.049"" W (2.00mm x 1.25mm)","0.041"" (1.05mm)","0805 (2012 Metric)"
"http://product.tdk.com/inductor/ind/en/documents/inductor_automotive_decoupling_mlz_en.pdf","-","445-16381-1-ND","MLZ2012N2R2LTD25","TDK Corporation","INDUCTOR MULTILAYER 2012",0,0,"0.14000",0,1,"Cut Tape (CT)","MLZ","Multilayer","Ferrite","2.2µH","±20%","800mA","170mA","Shielded","156 mOhm Max","-","-","-55°C ~ 125°C","2MHz","Surface Mount","0805 (2012 Metric)","0.079"" L x 0.049"" W (2.00mm x 1.25mm)","0.041"" (1.05mm)","0805 (2012 Metric)"
"http://media.digikey.com/pdf/Data%20Sheets/TDK%20PDFs/GLF,GLC%20Series.pdf","http://media.digikey.com/photos/TDK%20Photos/GLCR2012T1R0M-HC.jpg","445-3157-1-ND","GLF2012T2R2M","TDK Corporation","INDUCTOR 2.2UH 300MA 20% 0805",0,0,"Call",0,1,"Cut Tape (CT)","GLF","Wirewound","-","2.2µH","±20%","700mA","210mA","Shielded","100 mOhm","-","-","-40°C ~ 105°C","-","Surface Mount","0805 (2012 Metric)","0.079"" L x 0.049"" W (2.00mm x 1.25mm)","0.053"" (1.35mm)","0805 (2012 Metric)"
"http://media.digikey.com/pdf/Data%20Sheets/TDK%20PDFs/GLFR2012.pdf","http://media.digikey.com/Renders/TDK%20Renders/0805-GLCR.jpg","445-3612-1-ND","GLFR2012T2R2M-LR","TDK Corporation","INDUCTOR 2.2UH 240MA 20% 0805",0,0,"Call",0,1,"Cut Tape (CT)","GLFR","Wirewound","-","2.2µH","±20%","900mA","240mA","Shielded","88 mOhm","-","-","-40°C ~ 105°C","-","Surface Mount","0805 (2012 Metric)","0.079"" L x 0.049"" W (2.00mm x 1.25mm)","0.053"" (1.35mm)","0805 (2012 Metric)"
"http://media.digikey.com/pdf/Data%20Sheets/TDK%20PDFs/GLF,GLC%20Series.pdf","http://media.digikey.com/photos/TDK%20Photos/GLCR2012T1R0M-HC.jpg","445-3619-1-ND","GLF201208T2R2M","TDK Corporation","INDUCTOR 2.2UH 220MA 20% 0805",0,0,"Call",0,1,"Cut Tape (CT)","GLF","Wirewound","-","2.2µH","±20%","350mA","220mA","Shielded","560 mOhm","-","-","-40°C ~ 105°C","-","Surface Mount","0805 (2012 Metric)","0.079"" L x 0.049"" W (2.00mm x 1.25mm)","0.053"" (1.35mm)","0805 (2012 Metric)"
"http://media.digikey.com/pdf/Data%20Sheets/TDK%20PDFs/GLCR2012.pdf","http://media.digikey.com/Renders/TDK%20Renders/0805-GLCR.jpg","445-3625-1-ND","GLCR2012T2R2M-HC","TDK Corporation","INDUCTOR 2.2UH 350MA 20% 0805",0,0,"Call",0,1,"Cut Tape (CT)","GLCR","Wirewound","-","2.2µH","±20%","600mA","375mA","Shielded","200 mOhm","-","-","-40°C ~ 105°C","-","Surface Mount","0805 (2012 Metric)","0.079"" L x 0.049"" W (2.00mm x 1.25mm)","0.053"" (1.35mm)","0805 (2012 Metric)"
"http://www.tdk.co.jp/tefe02/e511_mlf_02.pdf","http://media.digikey.com/photos/TDK%20Photos/MLF2012%20SERIES.jpg","445-1052-1-ND","MLF2012A2R7KT000","TDK Corporation","INDUCTOR MULTILAYER 2.7UH 0805",3671,0,"0.16000",0,1,"Cut Tape (CT)","MLF","Multilayer","Ferrite","2.7µH","±10%","50mA","-","Shielded","550 mOhm Max","45 @ 10MHz","70MHz","-40°C ~ 85°C","10MHz","Surface Mount","0805 (2012 Metric)","0.079"" L x 0.049"" W (2.00mm x 1.25mm)","0.057"" (1.45mm)","0805 (2012 Metric)"
"http://www.tdk.co.jp/tefe02/e511_mlf_02.pdf","http://media.digikey.com/photos/TDK%20Photos/MLF2012%20SERIES.jpg","445-8971-1-ND","MLF2012A2R7M","TDK Corporation","INDUCTOR MULTILAYER 2.7UH 0805",3133,0,"0.14000",0,1,"Cut Tape (CT)","MLF","Multilayer","Ferrite","2.7µH","±20%","50mA","-","Shielded","550 mOhm Max","45 @ 10MHz","70MHz","-40°C ~ 85°C","10MHz","Surface Mount","0805 (2012 Metric)","0.079"" L x 0.049"" W (2.00mm x 1.25mm)","0.057"" (1.45mm)","0805 (2012 Metric)"
"http://www.tdk.co.jp/tefe02/e533_mlz.pdf","http://media.digikey.com/Renders/TDK%20Renders/0805-MLZ.jpg","445-6394-1-ND","MLZ2012A3R3WT000","TDK Corporation","INDUCTOR MULTILAYER 3.3UH 0805",49667,0,"0.11000",0,1,"Cut Tape (CT)","MLZ","Multilayer","Ferrite","3.3µH","±20%","450mA","200mA","Shielded","340 mOhm","-","90MHz","-55°C ~ 125°C","10MHz","Surface Mount","0805 (2012 Metric)","0.079"" L x 0.049"" W (2.00mm x 1.25mm)","0.041"" (1.05mm)","0805 (2012 Metric)"
"http://www.tdk.co.jp/tefe02/e533_mlp.pdf","http://media.digikey.com/Renders/TDK%20Renders/MLP2012S3R3M.jpg","445-6365-1-ND","MLP2012S3R3MT0S1","TDK Corporation","INDUCTOR MULTILAYER 3.3UH 0805",21831,0,"0.29000",0,1,"Cut Tape (CT)","MLP","Multilayer","Ferrite","3.3µH","±20%","900mA","-","Shielded","190 mOhm","-","-","-40°C ~ 125°C","2MHz","Surface Mount","0805 (2012 Metric)","0.079"" L x 0.049"" W (2.00mm x 1.25mm)","0.039"" (1.00mm)","0805 (2012 Metric)"
"http://www.tdk.co.jp/tefe02/e511_mlf_02.pdf","http://media.digikey.com/photos/TDK%20Photos/MLF2012%20SERIES.jpg","445-8972-1-ND","MLF2012A3R3M","TDK Corporation","INDUCTOR MULTILAYER 3.3UH 0805",2946,0,"0.14000",0,1,"Cut Tape (CT)","MLF","Multilayer","Ferrite","3.3µH","±20%","50mA","-","Shielded","600 mOhm Max","45 @ 10MHz","60MHz","-40°C ~ 85°C","10MHz","Surface Mount","0805 (2012 Metric)","0.079"" L x 0.049"" W (2.00mm x 1.25mm)","0.057"" (1.45mm)","0805 (2012 Metric)"
"http://product.tdk.com/inductor/ind/en/documents/inductor_decoupling_mlz_en.pdf","-","445-15749-1-ND","MLZ2012M3R3HT000","TDK Corporation","INDUCTOR 3.3UH 20% 0805",3368,0,"0.12000",0,1,"Cut Tape (CT)","MLZ","Multilayer","Ferrite","3.3µH","±20%","500mA","350mA","Shielded","200 mOhm","-","-","-","-","Surface Mount","0805 (2012 Metric)","0.079"" L x 0.049"" W (2.00mm x 1.25mm)","0.057"" (1.45mm)","0805 (2012 Metric)"
"http://www.tdk.co.jp/tefe02/e533_mlz.pdf","http://media.digikey.com/Renders/TDK%20Renders/0805-MLZ.jpg","445-6759-1-ND","MLZ2012N3R3LT000","TDK Corporation","INDUCTOR MULTILAYER 3.3UH 0805",1034,0,"0.11000",0,1,"Cut Tape (CT)","MLZ","Multilayer","Ferrite","3.3µH","±20%","750mA","130mA","Shielded","150 mOhm","-","90MHz","-55°C ~ 125°C","2MHz","Surface Mount","0805 (2012 Metric)","0.079"" L x 0.049"" W (2.00mm x 1.25mm)","0.041"" (1.05mm)","0805 (2012 Metric)"
"http://www.tdk.co.jp/tefe02/e511_mlf_02.pdf","http://media.digikey.com/photos/TDK%20Photos/MLF2012%20SERIES.jpg","445-1053-1-ND","MLF2012A3R3KT000","TDK Corporation","INDUCTOR MULTILAYER 3.3UH 0805",0,0,"0.16000",0,1,"Cut Tape (CT)","MLF","Multilayer","Ferrite","3.3µH","±10%","50mA","-","Shielded","600 mOhm Max","45 @ 10MHz","60MHz","-40°C ~ 85°C","10MHz","Surface Mount","0805 (2012 Metric)","0.079"" L x 0.049"" W (2.00mm x 1.25mm)","0.057"" (1.45mm)","0805 (2012 Metric)"
"http://product.tdk.com/inductor/ind/en/documents/inductor_automotive_decoupling_mlz_en.pdf","-","445-16375-1-ND","MLZ2012A3R3WTD25","TDK Corporation","INDUCTOR MULTILAYER 2012",0,0,"0.14000",0,1,"Cut Tape (CT)","MLZ","Multilayer","Ferrite","3.3µH","±20%","450mA","200mA","Shielded","442 mOhm Max","-","-","-55°C ~ 125°C","10MHz","Surface Mount","0805 (2012 Metric)","0.079"" L x 0.049"" W (2.00mm x 1.25mm)","0.041"" (1.05mm)","0805 (2012 Metric)"
"http://product.tdk.com/inductor/ind/en/documents/inductor_automotive_decoupling_mlz_en.pdf","-","445-16382-1-ND","MLZ2012N3R3LTD25","TDK Corporation","INDUCTOR MULTILAYER 2012",0,0,"0.14000",0,1,"Cut Tape (CT)","MLZ","Multilayer","Ferrite","3.3µH","±20%","750mA","140mA","Shielded","195 mOhm Max","-","-","-55°C ~ 125°C","2MHz","Surface Mount","0805 (2012 Metric)","0.079"" L x 0.049"" W (2.00mm x 1.25mm)","0.041"" (1.05mm)","0805 (2012 Metric)"
"http://www.tdk.co.jp/tefe02/e511_mlf_02.pdf","http://media.digikey.com/photos/TDK%20Photos/MLF2012%20SERIES.jpg","445-8973-1-ND","MLF2012A3R9M","TDK Corporation","INDUCTOR MULTILAYER 3.9UH 0805",3374,0,"0.14000",0,1,"Cut Tape (CT)","MLF","Multilayer","Ferrite","3.9µH","±20%","30mA","-","Shielded","650 mOhm Max","45 @ 10MHz","55MHz","-40°C ~ 85°C","10MHz","Surface Mount","0805 (2012 Metric)","0.079"" L x 0.049"" W (2.00mm x 1.25mm)","0.057"" (1.45mm)","0805 (2012 Metric)"
"http://www.tdk.co.jp/tefe02/e533_mlp.pdf","http://media.digikey.com/Renders/TDK%20Renders/MLP2012S3R3M.jpg","445-6366-1-ND","MLP2012S4R7MT0S1","TDK Corporation","INDUCTOR MULTILAYER 4.7UH 0805",69573,0,"0.29000",0,1,"Cut Tape (CT)","MLP","Multilayer","Ferrite","4.7µH","±20%","700mA","-","Shielded","260 mOhm","-","-","-40°C ~ 125°C","2MHz","Surface Mount","0805 (2012 Metric)","0.079"" L x 0.049"" W (2.00mm x 1.25mm)","0.039"" (1.00mm)","0805 (2012 Metric)"
"-","http://media.digikey.com/Renders/TDK%20Renders/0805-MLZ.jpg","445-3169-1-ND","MLZ2012E4R7M","TDK Corporation","INDUCTOR MULTILAYER 4.7UH 0805",11078,0,"0.10000",0,1,"Cut Tape (CT)","MLZ","Multilayer","Ferrite","4.7µH","±20%","80mA","-","Shielded","300 mOhm","-","70MHz","-55°C ~ 125°C","2MHz","Surface Mount","0805 (2012 Metric)","0.079"" L x 0.049"" W (2.00mm x 1.25mm)","0.041"" (1.05mm)","0805 (2012 Metric)"
"http://www.tdk.co.jp/tefe02/e533_mlz.pdf","http://media.digikey.com/Renders/TDK%20Renders/0805-MLZ.jpg","445-6760-1-ND","MLZ2012N4R7LT000","TDK Corporation","INDUCTOR MULTILAYER 4.7UH 0805",17118,0,"0.11000",0,1,"Cut Tape (CT)","MLZ","Multilayer","Ferrite","4.7µH","±20%","600mA","130mA","Shielded","180 mOhm","-","70MHz","-55°C ~ 125°C","2MHz","Surface Mount","0805 (2012 Metric)","0.079"" L x 0.049"" W (2.00mm x 1.25mm)","0.041"" (1.05mm)","0805 (2012 Metric)"
"http://www.tdk.co.jp/tefe02/e533_mlz_h.pdf","http://media.digikey.com/Renders/TDK%20Renders/0805-MLZ.jpg","445-8659-1-ND","MLZ2012M4R7HT000","TDK Corporation","INDUCTOR MULTILAYER 4.7UH 0805",15856,0,"0.12000",0,1,"Cut Tape (CT)","MLZ","Multilayer","Ferrite","4.7µH","±20%","400mA","300mA","Shielded","340 mOhm","-","60MHz","-55°C ~ 125°C","2MHz","Surface Mount","0805 (2012 Metric)","0.079"" L x 0.049"" W (2.00mm x 1.25mm)","0.041"" (1.05mm)","0805 (2012 Metric)"
"http://www.tdk.co.jp/tefe02/e511_mlf_02.pdf","http://media.digikey.com/photos/TDK%20Photos/MLF2012%20SERIES.jpg","445-1055-1-ND","MLF2012A4R7KT000","TDK Corporation","INDUCTOR MULTILAYER 4.7UH 0805",5567,0,"0.16000",0,1,"Cut Tape (CT)","MLF","Multilayer","Ferrite","4.7µH","±10%","30mA","-","Shielded","700 mOhm Max","45 @ 10MHz","50MHz","-40°C ~ 85°C","10MHz","Surface Mount","0805 (2012 Metric)","0.079"" L x 0.049"" W (2.00mm x 1.25mm)","0.057"" (1.45mm)","0805 (2012 Metric)"
"http://www.tdk.co.jp/tefe02/e511_mlf_02.pdf","http://media.digikey.com/photos/TDK%20Photos/MLF2012%20SERIES.jpg","445-8974-1-ND","MLF2012A4R7M","TDK Corporation","INDUCTOR MULTILAYER 4.7UH 0805",2518,0,"0.14000",0,1,"Cut Tape (CT)","MLF","Multilayer","Ferrite","4.7µH","±20%","30mA","-","Shielded","700 mOhm Max","45 @ 10MHz","50MHz","-40°C ~ 85°C","10MHz","Surface Mount","0805 (2012 Metric)","0.079"" L x 0.049"" W (2.00mm x 1.25mm)","0.057"" (1.45mm)","0805 (2012 Metric)"
"http://product.tdk.com/inductor/ind/en/documents/inductor_commercial_power_mlp_en.pdf","-","445-15721-1-ND","MLP2012V4R7MT0S1","TDK Corporation","INDUCTOR POWER 4.7UH 20% SMD",7930,0,"0.29000",0,1,"Cut Tape (CT)","MLP","Multilayer","Ferrite","4.7µH","±20%","600mA","-","Unshielded","400 mOhm","-","-","-40°C ~ 125°C","2MHz","Surface Mount","0805 (2012 Metric)","0.079"" L x 0.049"" W (2.00mm x 1.25mm)","0.039"" (1.00mm)","0805 (2012 Metric)"
"http://www.tdk.co.jp/tefe02/e533_mlz.pdf","http://media.digikey.com/Renders/TDK%20Renders/0805-MLZ.jpg","445-6401-1-ND","MLZ2012M4R7WT000","TDK Corporation","INDUCTOR MULTILAYER 4.7UH 0805",2049,0,"0.11000",0,1,"Cut Tape (CT)","MLZ","Multilayer","Ferrite","4.7µH","±20%","400mA (AC)","180mA","Shielded","300 mOhm","-","70MHz","-55°C ~ 125°C","2MHz","Surface Mount","0805 (2012 Metric)","0.079"" L x 0.049"" W (2.00mm x 1.25mm)","0.041"" (1.05mm)","0805 (2012 Metric)"
"http://product.tdk.com/inductor/ind/en/documents/inductor_automotive_decoupling_mlz_en.pdf","-","445-16383-1-ND","MLZ2012N4R7LTD25","TDK Corporation","INDUCTOR MULTILAYER 2012",0,0,"0.14000",0,1,"Cut Tape (CT)","MLZ","Multilayer","Ferrite","4.7µH","±20%","600mA","130mA","Shielded","234 mOhm Max","-","-","-55°C ~ 125°C","2MHz","Surface Mount","0805 (2012 Metric)","0.079"" L x 0.049"" W (2.00mm x 1.25mm)","0.041"" (1.05mm)","0805 (2012 Metric)"
"http://media.digikey.com/pdf/Data%20Sheets/TDK%20PDFs/GLCR2012.pdf","http://media.digikey.com/Renders/TDK%20Renders/0805-GLCR.jpg","445-3626-1-ND","GLCR2012T4R7M-HC","TDK Corporation","INDUCTOR 4.7UH 225MA 20% 0805",1,0,"0.19000",0,1,"Cut Tape (CT)","GLCR","Wirewound","-","4.7µH","±20%","500mA","225mA","Shielded","290 mOhm","-","-","-40°C ~ 105°C","-","Surface Mount","0805 (2012 Metric)","0.079"" L x 0.049"" W (2.00mm x 1.25mm)","0.053"" (1.35mm)","0805 (2012 Metric)"
"http://media.digikey.com/pdf/Data%20Sheets/TDK%20PDFs/GLF,GLC%20Series.pdf","http://media.digikey.com/photos/TDK%20Photos/GLCR2012T1R0M-HC.jpg","445-3158-1-ND","GLF2012T4R7M","TDK Corporation","INDUCTOR 4.7UH 200MA 20% 0805",0,0,"Call",0,1,"Cut Tape (CT)","GLF","Wirewound","-","4.7µH","±20%","450mA","120mA","Shielded","240 mOhm","-","-","-40°C ~ 105°C","-","Surface Mount","0805 (2012 Metric)","0.079"" L x 0.049"" W (2.00mm x 1.25mm)","0.053"" (1.35mm)","0805 (2012 Metric)"
"http://media.digikey.com/pdf/Data%20Sheets/TDK%20PDFs/GLFR2012.pdf","http://media.digikey.com/Renders/TDK%20Renders/0805-GLCR.jpg","445-3613-1-ND","GLFR2012T4R7M-LR","TDK Corporation","INDUCTOR 4.7UH 140MA 20% 0805",0,0,"Call",0,1,"Cut Tape (CT)","GLFR","Wirewound","-","4.7µH","±20%","600mA","140mA","Shielded","200 mOhm","-","-","-40°C ~ 105°C","-","Surface Mount","0805 (2012 Metric)","0.079"" L x 0.049"" W (2.00mm x 1.25mm)","0.053"" (1.35mm)","0805 (2012 Metric)"
"http://media.digikey.com/pdf/Data%20Sheets/TDK%20PDFs/GLF,GLC%20Series.pdf","http://media.digikey.com/photos/TDK%20Photos/GLCR2012T1R0M-HC.jpg","445-3620-1-ND","GLF201208T4R7M","TDK Corporation","INDUCTOR 4.7UH 160MA 20% 0805",0,0,"Call",0,1,"Cut Tape (CT)","GLF","Wirewound","-","4.7µH","±20%","300mA","160mA","Shielded","740 mOhm","-","-","-40°C ~ 105°C","-","Surface Mount","0805 (2012 Metric)","0.079"" L x 0.049"" W (2.00mm x 1.25mm)","0.053"" (1.35mm)","0805 (2012 Metric)"
"http://www.tdk.co.jp/tefe02/e511_mlf_02.pdf","http://media.digikey.com/photos/TDK%20Photos/MLF2012%20SERIES.jpg","445-1056-1-ND","MLF2012E5R6KT000","TDK Corporation","INDUCTOR MULTILAYER 5.6UH 0805",10076,0,"0.16000",0,1,"Cut Tape (CT)","MLF","Multilayer","Ferrite","5.6µH","±10%","15mA","-","Shielded","600 mOhm Max","50 @ 4MHz","45MHz","-40°C ~ 85°C","4MHz","Surface Mount","0805 (2012 Metric)","0.079"" L x 0.049"" W (2.00mm x 1.25mm)","0.057"" (1.45mm)","0805 (2012 Metric)"
"http://www.tdk.co.jp/tefe02/e511_mlf_02.pdf","http://media.digikey.com/photos/TDK%20Photos/MLF2012%20SERIES.jpg","445-8997-1-ND","MLF2012E5R6M","TDK Corporation","INDUCTOR MULTILAYER 5.6UH 0805",3476,0,"0.14000",0,1,"Cut Tape (CT)","MLF","Multilayer","Ferrite","5.6µH","±20%","15mA","-","Shielded","600 mOhm Max","50 @ 4MHz","45MHz","-40°C ~ 85°C","4MHz","Surface Mount","0805 (2012 Metric)","0.079"" L x 0.049"" W (2.00mm x 1.25mm)","0.057"" (1.45mm)","0805 (2012 Metric)"
"http://www.tdk.co.jp/tefe02/e533_mlz.pdf","http://media.digikey.com/Renders/TDK%20Renders/0805-MLZ.jpg","445-6761-1-ND","MLZ2012N6R8LT000","TDK Corporation","INDUCTOR MULTILAYER 6.8UH 0805",11159,0,"0.11000",0,1,"Cut Tape (CT)","MLZ","Multilayer","Ferrite","6.8µH","±20%","550mA","110mA","Shielded","250 mOhm","-","60MHz","-55°C ~ 125°C","2MHz","Surface Mount","0805 (2012 Metric)","0.079"" L x 0.049"" W (2.00mm x 1.25mm)","0.057"" (1.45mm)","0805 (2012 Metric)"
"http://www.tdk.co.jp/tefe02/e511_mlf_02.pdf","http://media.digikey.com/photos/TDK%20Photos/MLF2012%20SERIES.jpg","445-1057-1-ND","MLF2012E6R8KT000","TDK Corporation","INDUCTOR MULTILAYER 6.8UH 0805",4000,0,"0.16000",0,1,"Cut Tape (CT)","MLF","Multilayer","Ferrite","6.8µH","±10%","15mA","-","Shielded","650 mOhm Max","50 @ 4MHz","40MHz","-40°C ~ 85°C","4MHz","Surface Mount","0805 (2012 Metric)","0.079"" L x 0.049"" W (2.00mm x 1.25mm)","0.057"" (1.45mm)","0805 (2012 Metric)"
"http://www.tdk.co.jp/tefe02/e511_mlf_02.pdf","http://media.digikey.com/photos/TDK%20Photos/MLF2012%20SERIES.jpg","445-8998-1-ND","MLF2012E6R8M","TDK Corporation","INDUCTOR MULTILAYER 6.8UH 0805",3616,0,"0.14000",0,1,"Cut Tape (CT)","MLF","Multilayer","Ferrite","6.8µH","±20%","15mA","-","Shielded","650 mOhm Max","50 @ 4MHz","40MHz","-40°C ~ 85°C","4MHz","Surface Mount","0805 (2012 Metric)","0.079"" L x 0.049"" W (2.00mm x 1.25mm)","0.057"" (1.45mm)","0805 (2012 Metric)"
"http://product.tdk.com/inductor/ind/en/documents/inductor_decoupling_mlz_en.pdf","-","445-15750-1-ND","MLZ2012M6R8HT000","TDK Corporation","INDUCTOR 6.8UH 20% 0805",3769,0,"0.12000",0,1,"Cut Tape (CT)","MLZ","Multilayer","Ferrite","6.8µH","±20%","350mA","220mA","Shielded","400 mOhm","-","-","-","-","Surface Mount","0805 (2012 Metric)","0.079"" L x 0.049"" W (2.00mm x 1.25mm)","0.057"" (1.45mm)","0805 (2012 Metric)"
"http://www.tdk.co.jp/tefe02/e533_mlz.pdf","http://media.digikey.com/Renders/TDK%20Renders/0805-MLZ.jpg","445-6402-1-ND","MLZ2012M6R8WT000","TDK Corporation","INDUCTOR MULTILAYER 6.8UH 0805",1245,0,"0.11000",0,1,"Cut Tape (CT)","MLZ","Multilayer","Ferrite","6.8µH","±20%","350mA","220mA","Shielded","400 mOhm","-","60MHz","-55°C ~ 125°C","2MHz","Surface Mount","0805 (2012 Metric)","0.079"" L x 0.049"" W (2.00mm x 1.25mm)","0.057"" (1.45mm)","0805 (2012 Metric)"
"http://product.tdk.com/inductor/ind/en/documents/inductor_automotive_decoupling_mlz_en.pdf","-","445-16384-1-ND","MLZ2012N6R8LTD25","TDK Corporation","INDUCTOR MULTILAYER 2012",0,0,"0.14000",0,1,"Cut Tape (CT)","MLZ","Multilayer","Ferrite","6.8µH","±20%","550mA","110mA","Shielded","325 mOhm Max","-","-","-55°C ~ 125°C","110MHz","Surface Mount","0805 (2012 Metric)","0.079"" L x 0.049"" W (2.00mm x 1.25mm)","0.041"" (1.05mm)","0805 (2012 Metric)"
"http://www.tdk.co.jp/tefe02/e511_mlf_02.pdf","http://media.digikey.com/photos/TDK%20Photos/MLF2012%20SERIES.jpg","445-8999-1-ND","MLF2012E8R2M","TDK Corporation","INDUCTOR MULTILAYER 8.2UH 0805",9403,0,"0.14000",0,1,"Cut Tape (CT)","MLF","Multilayer","Ferrite","8.2µH","±20%","15mA","-","Shielded","700 mOhm Max","50 @ 4MHz","35MHz","-40°C ~ 85°C","4MHz","Surface Mount","0805 (2012 Metric)","0.079"" L x 0.049"" W (2.00mm x 1.25mm)","0.057"" (1.45mm)","0805 (2012 Metric)"
"http://www.tdk.co.jp/tefe02/e533_mlz.pdf","http://media.digikey.com/Renders/TDK%20Renders/0805-MLZ.jpg","445-6396-1-ND","MLZ2012M100WT000","TDK Corporation","INDUCTOR MULTILAYER 10UH 0805",90535,0,"0.11000",0,1,"Cut Tape (CT)","MLZ","Multilayer","Ferrite","10µH","±20%","350mA","200mA","Shielded","470 mOhm","-","50MHz","-55°C ~ 125°C","2MHz","Surface Mount","0805 (2012 Metric)","0.079"" L x 0.049"" W (2.00mm x 1.25mm)","0.057"" (1.45mm)","0805 (2012 Metric)"
"http://www.tdk.co.jp/tefe02/e533_mlz_h.pdf","http://media.digikey.com/Renders/TDK%20Renders/0805-MLZ.jpg","445-8656-1-ND","MLZ2012M100HT000","TDK Corporation","INDUCTOR MULTILAYER 10UH 0805",9220,0,"0.12000",0,1,"Cut Tape (CT)","MLZ","Multilayer","Ferrite","10µH","±20%","300mA","200mA","Shielded","680 mOhm","-","40MHz","-55°C ~ 125°C","2MHz","Surface Mount","0805 (2012 Metric)","0.079"" L x 0.049"" W (2.00mm x 1.25mm)","0.057"" (1.45mm)","0805 (2012 Metric)"
"http://www.tdk.co.jp/tefe02/e511_mlf_02.pdf","http://media.digikey.com/photos/TDK%20Photos/MLF2012%20SERIES.jpg","445-1059-1-ND","MLF2012E100KT000","TDK Corporation","INDUCTOR MULTILAYER 10UH 0805",3707,0,"0.16000",0,1,"Cut Tape (CT)","MLF","Multilayer","Ferrite","10µH","±10%","15mA","-","Shielded","800 mOhm Max","50 @ 2MHz","30MHz","-40°C ~ 85°C","2MHz","Surface Mount","0805 (2012 Metric)","0.079"" L x 0.049"" W (2.00mm x 1.25mm)","0.057"" (1.45mm)","0805 (2012 Metric)"
"http://www.tdk.co.jp/tefe02/e511_mlf_02.pdf","http://media.digikey.com/photos/TDK%20Photos/MLF2012%20SERIES.jpg","445-8995-1-ND","MLF2012E100M","TDK Corporation","INDUCTOR MULTILAYER 10UH 0805",2963,0,"0.14000",0,1,"Cut Tape (CT)","MLF","Multilayer","Ferrite","10µH","±20%","15mA","-","Shielded","800 mOhm Max","50 @ 2MHz","30MHz","-40°C ~ 85°C","2MHz","Surface Mount","0805 (2012 Metric)","0.079"" L x 0.049"" W (2.00mm x 1.25mm)","0.057"" (1.45mm)","0805 (2012 Metric)"
"http://product.tdk.com/inductor/ind/en/documents/inductor_automotive_decoupling_mlz_en.pdf","-","445-16376-1-ND","MLZ2012N100LTD25","TDK Corporation","INDUCTOR MULTILAYER 2012",4000,0,"0.14000",0,1,"Cut Tape (CT)","MLZ","Multilayer","Ferrite","10µH","±20%","500mA","110mA","Shielded","390 mOhm Max","-","-","-55°C ~ 125°C","2MHz","Surface Mount","0805 (2012 Metric)","0.079"" L x 0.049"" W (2.00mm x 1.25mm)","0.041"" (1.05mm)","0805 (2012 Metric)"
"-","http://media.digikey.com/Renders/TDK%20Renders/0805-MLZ.jpg","445-3170-1-ND","MLZ2012E100M","TDK Corporation","INDUCTOR MULTILAYER 10UH 0805",554,0,"0.10000",0,1,"Cut Tape (CT)","MLZ","Multilayer","Ferrite","10µH","±20%","60mA","-","Shielded","400 mOhm","-","30MHz","-55°C ~ 125°C","2MHz","Surface Mount","0805 (2012 Metric)","0.079"" L x 0.049"" W (2.00mm x 1.25mm)","0.057"" (1.45mm)","0805 (2012 Metric)"
"http://www.tdk.co.jp/tefe02/e533_mlz.pdf","http://media.digikey.com/Renders/TDK%20Renders/0805-MLZ.jpg","445-6762-1-ND","MLZ2012N100LT000","TDK Corporation","INDUCTOR MULTILAYER 10UH 0805",945,0,"0.11000",0,1,"Cut Tape (CT)","MLZ","Multilayer","Ferrite","10µH","±20%","500mA","110mA","Shielded","300 mOhm","-","50MHz","-55°C ~ 125°C","2MHz","Surface Mount","0805 (2012 Metric)","0.079"" L x 0.049"" W (2.00mm x 1.25mm)","0.057"" (1.45mm)","0805 (2012 Metric)"
"http://media.digikey.com/pdf/Data%20Sheets/TDK%20PDFs/GLF,GLC%20Series.pdf","http://media.digikey.com/photos/TDK%20Photos/GLCR2012T1R0M-HC.jpg","445-3159-1-ND","GLF2012T100K","TDK Corporation","INDUCTOR 10UH 140MA 10% 0805",0,0,"Call",0,1,"Cut Tape (CT)","GLF","Wirewound","-","10µH","±10%","360mA","100mA","Shielded","360 mOhm","-","-","-40°C ~ 105°C","-","Surface Mount","0805 (2012 Metric)","0.079"" L x 0.049"" W (2.00mm x 1.25mm)","0.053"" (1.35mm)","0805 (2012 Metric)"
"http://media.digikey.com/pdf/Data%20Sheets/TDK%20PDFs/GLFR2012.pdf","http://media.digikey.com/Renders/TDK%20Renders/0805-GLCR.jpg","445-3614-1-ND","GLFR2012T100M-LR","TDK Corporation","INDUCTOR 10UH 100MA 20% 0805",0,0,"Call",0,1,"Cut Tape (CT)","GLFR","Wirewound","-","10µH","±20%","500mA","100mA","Shielded","300 mOhm","-","-","-40°C ~ 105°C","-","Surface Mount","0805 (2012 Metric)","0.079"" L x 0.049"" W (2.00mm x 1.25mm)","0.053"" (1.35mm)","0805 (2012 Metric)"
"http://media.digikey.com/pdf/Data%20Sheets/TDK%20PDFs/GLF,GLC%20Series.pdf","http://media.digikey.com/photos/TDK%20Photos/GLCR2012T1R0M-HC.jpg","445-3621-1-ND","GLF201208T100M","TDK Corporation","INDUCTOR 10UH 130MA 20% 0805",0,0,"Call",0,1,"Cut Tape (CT)","GLF","Wirewound","-","10µH","±20%","250mA","130mA","Shielded","1.1 Ohm","-","-","-40°C ~ 105°C","-","Surface Mount","0805 (2012 Metric)","0.079"" L x 0.049"" W (2.00mm x 1.25mm)","0.053"" (1.35mm)","0805 (2012 Metric)"
"http://media.digikey.com/pdf/Data%20Sheets/TDK%20PDFs/GLCR2012.pdf","http://media.digikey.com/Renders/TDK%20Renders/0805-GLCR.jpg","445-3627-1-ND","GLCR2012T100M-HC","TDK Corporation","INDUCTOR 10UH 155MA 20% 0805",0,0,"Call",0,1,"Cut Tape (CT)","GLCR","Wirewound","-","10µH","±20%","380mA","155mA","Shielded","500 mOhm","-","-","-40°C ~ 105°C","-","Surface Mount","0805 (2012 Metric)","0.079"" L x 0.049"" W (2.00mm x 1.25mm)","0.053"" (1.35mm)","0805 (2012 Metric)"
"http://www.tdk.co.jp/tefe02/e511_mlf_02.pdf","http://media.digikey.com/photos/TDK%20Photos/MLF2012%20SERIES.jpg","445-1060-1-ND","MLF2012E120KT000","TDK Corporation","INDUCTOR MULTILAYER 12UH 0805",20707,0,"0.16000",0,1,"Cut Tape (CT)","MLF","Multilayer","Ferrite","12µH","±10%","15mA","-","Shielded","900 mOhm Max","50 @ 2MHz","25MHz","-40°C ~ 85°C","2MHz","Surface Mount","0805 (2012 Metric)","0.079"" L x 0.049"" W (2.00mm x 1.25mm)","0.057"" (1.45mm)","0805 (2012 Metric)"
"http://www.tdk.co.jp/tefe02/e511_mlf_02.pdf","http://media.digikey.com/photos/TDK%20Photos/MLF2012%20SERIES.jpg","445-8996-1-ND","MLF2012E120M","TDK Corporation","INDUCTOR MULTILAYER 12UH 0805",3601,0,"0.14000",0,1,"Cut Tape (CT)","MLF","Multilayer","Ferrite","12µH","±20%","15mA","-","Shielded","900 mOhm Max","50 @ 2MHz","25MHz","-40°C ~ 85°C","2MHz","Surface Mount","0805 (2012 Metric)","0.079"" L x 0.049"" W (2.00mm x 1.25mm)","0.057"" (1.45mm)","0805 (2012 Metric)"
"http://www.tdk.co.jp/tefe02/e533_mlz.pdf","http://media.digikey.com/Renders/TDK%20Renders/0805-MLZ.jpg","445-6763-1-ND","MLZ2012N150LT000","TDK Corporation","INDUCTOR MULTILAYER 15UH 0805",4014,0,"0.11000",0,1,"Cut Tape (CT)","MLZ","Multilayer","Ferrite","15µH","±20%","350mA","90mA","Shielded","470 mOhm","-","40MHz","-55°C ~ 125°C","2MHz","Surface Mount","0805 (2012 Metric)","0.079"" L x 0.049"" W (2.00mm x 1.25mm)","0.057"" (1.45mm)","0805 (2012 Metric)"
"http://www.tdk.co.jp/tefe02/e511_mlf_02.pdf","http://media.digikey.com/photos/TDK%20Photos/MLF2012%20SERIES.jpg","445-1061-1-ND","MLF2012C150KT000","TDK Corporation","INDUCTOR MULTILAYER 15UH 0805",3334,0,"0.16000",0,1,"Cut Tape (CT)","MLF","Multilayer","Ferrite","15µH","±10%","5mA","-","Shielded","700 mOhm Max","30 @ 1MHz","22MHz","-40°C ~ 85°C","1MHz","Surface Mount","0805 (2012 Metric)","0.079"" L x 0.049"" W (2.00mm x 1.25mm)","0.057"" (1.45mm)","0805 (2012 Metric)"
"http://www.tdk.co.jp/tefe02/e511_mlf_02.pdf","http://media.digikey.com/photos/TDK%20Photos/MLF2012%20SERIES.jpg","445-8976-1-ND","MLF2012C150M","TDK Corporation","INDUCTOR MULTILAYER 15UH 0805",3831,0,"0.14000",0,1,"Cut Tape (CT)","MLF","Multilayer","Ferrite","15µH","±20%","5mA","-","Shielded","700 mOhm Max","30 @ 1MHz","22MHz","-40°C ~ 85°C","1MHz","Surface Mount","0805 (2012 Metric)","0.079"" L x 0.049"" W (2.00mm x 1.25mm)","0.057"" (1.45mm)","0805 (2012 Metric)"
"http://www.tdk.co.jp/tefe02/e533_mlz.pdf","http://media.digikey.com/Renders/TDK%20Renders/0805-MLZ.jpg","445-6397-1-ND","MLZ2012M150WT000","TDK Corporation","INDUCTOR MULTILAYER 15UH 0805",1824,0,"0.11000",0,1,"Cut Tape (CT)","MLZ","Multilayer","Ferrite","15µH","±20%","250mA","120mA","Shielded","950 mOhm","-","40MHz","-55°C ~ 125°C","2MHz","Surface Mount","0805 (2012 Metric)","0.079"" L x 0.049"" W (2.00mm x 1.25mm)","0.057"" (1.45mm)","0805 (2012 Metric)"
"http://product.tdk.com/inductor/ind/en/documents/inductor_automotive_decoupling_mlz_en.pdf","-","445-16377-1-ND","MLZ2012N150LTD25","TDK Corporation","INDUCTOR MULTILAYER 2012",0,0,"0.14000",0,1,"Cut Tape (CT)","MLZ","Multilayer","Ferrite","15µH","±20%","350mA","90mA","Shielded","611 mOhm Max","-","-","-55°C ~ 125°C","2MHz","Surface Mount","0805 (2012 Metric)","0.079"" L x 0.049"" W (2.00mm x 1.25mm)","0.041"" (1.05mm)","0805 (2012 Metric)"
"http://www.tdk.co.jp/tefe02/e511_mlf_02.pdf","http://media.digikey.com/photos/TDK%20Photos/MLF2012%20SERIES.jpg","445-8977-1-ND","MLF2012C180M","TDK Corporation","INDUCTOR MULTILAYER 18UH 0805",3529,0,"0.14000",0,1,"Cut Tape (CT)","MLF","Multilayer","Ferrite","18µH","±20%","5mA","-","Shielded","800 mOhm Max","30 @ 1MHz","20MHz","-40°C ~ 85°C","1MHz","Surface Mount","0805 (2012 Metric)","0.079"" L x 0.049"" W (2.00mm x 1.25mm)","0.057"" (1.45mm)","0805 (2012 Metric)"
"http://www.tdk.co.jp/tefe02/e511_mlf_02.pdf","http://media.digikey.com/photos/TDK%20Photos/MLF2012%20SERIES.jpg","445-1062-1-ND","MLF2012C180KT000","TDK Corporation","INDUCTOR MULTILAYER 18UH 0805",1790,0,"0.16000",0,1,"Cut Tape (CT)","MLF","Multilayer","Ferrite","18µH","±10%","5mA","-","Shielded","800 mOhm Max","30 @ 1MHz","20MHz","-40°C ~ 85°C","1MHz","Surface Mount","0805 (2012 Metric)","0.079"" L x 0.049"" W (2.00mm x 1.25mm)","0.057"" (1.45mm)","0805 (2012 Metric)"
"http://www.tdk.co.jp/tefe02/e533_mlz.pdf","-","445-9495-1-ND","MLZ2012N220LT000","TDK Corporation","INDUCTOR MULTILAYER 22UH 0805",6907,0,"0.11000",0,1,"Cut Tape (CT)","MLZ","Multilayer","Ferrite","22µH","±20%","300mA","70mA","Shielded","670 mOhm","-","-","-55°C ~ 125°C","2MHz","Surface Mount","0805 (2012 Metric)","0.079"" L x 0.049"" W (2.00mm x 1.25mm)","0.057"" (1.45mm)","0805 (2012 Metric)"
"http://www.tdk.co.jp/tefe02/e533_mlz.pdf","http://media.digikey.com/Renders/TDK%20Renders/0805-MLZ.jpg","445-6398-1-ND","MLZ2012M220WT000","TDK Corporation","INDUCTOR MULTILAYER 22UH 0805",5732,0,"0.11000",0,1,"Cut Tape (CT)","MLZ","Multilayer","Ferrite","22µH","±20%","220mA","60mA","Shielded","2 Ohm","-","35MHz","-55°C ~ 125°C","2MHz","Surface Mount","0805 (2012 Metric)","0.079"" L x 0.049"" W (2.00mm x 1.25mm)","0.057"" (1.45mm)","0805 (2012 Metric)"
"http://www.tdk.co.jp/tefe02/e511_mlf_02.pdf","http://media.digikey.com/photos/TDK%20Photos/MLF2012%20SERIES.jpg","445-1063-1-ND","MLF2012C220KT000","TDK Corporation","INDUCTOR MULTILAYER 22UH 0805",16749,0,"0.16000",0,1,"Cut Tape (CT)","MLF","Multilayer","Ferrite","22µH","±10%","5mA","-","Shielded","900 mOhm Max","30 @ 1MHz","18MHz","-40°C ~ 85°C","1MHz","Surface Mount","0805 (2012 Metric)","0.079"" L x 0.049"" W (2.00mm x 1.25mm)","0.057"" (1.45mm)","0805 (2012 Metric)"
"http://www.tdk.co.jp/tefe02/e511_mlf_02.pdf","http://media.digikey.com/photos/TDK%20Photos/MLF2012%20SERIES.jpg","445-8978-1-ND","MLF2012C220M","TDK Corporation","INDUCTOR MULTILAYER 22UH 0805",3915,0,"0.14000",0,1,"Cut Tape (CT)","MLF","Multilayer","Ferrite","22µH","±20%","5mA","-","Shielded","900 mOhm Max","30 @ 1MHz","18MHz","-40°C ~ 85°C","1MHz","Surface Mount","0805 (2012 Metric)","0.079"" L x 0.049"" W (2.00mm x 1.25mm)","0.057"" (1.45mm)","0805 (2012 Metric)"
"http://product.tdk.com/inductor/ind/en/documents/inductor_decoupling_mlz_en.pdf","-","445-15751-1-ND","MLZ2012P220WT000","TDK Corporation","INDUCTOR 22UH 20% 0805",2847,0,"0.11000",0,1,"Cut Tape (CT)","MLZ","Multilayer","Ferrite","22µH","±20%","220mA","100mA","Shielded","1.25 Ohm","-","-","-","-","Surface Mount","0805 (2012 Metric)","0.079"" L x 0.049"" W (2.00mm x 1.25mm)","0.057"" (1.45mm)","0805 (2012 Metric)"
"http://product.tdk.com/inductor/ind/en/documents/inductor_automotive_decoupling_mlz_en.pdf","-","445-16380-1-ND","MLZ2012N220LTD25","TDK Corporation","INDUCTOR MULTILAYER 2012",4000,0,"0.14000",0,1,"Cut Tape (CT)","MLZ","Multilayer","Ferrite","22µH","±20%","300mA","70mA","Shielded","871 mOhm Max","-","-","-55°C ~ 125°C","2MHz","Surface Mount","0805 (2012 Metric)","0.079"" L x 0.049"" W (2.00mm x 1.25mm)","0.041"" (1.05mm)","0805 (2012 Metric)"
"http://media.digikey.com/pdf/Data%20Sheets/TDK%20PDFs/GLF,GLC%20Series.pdf","http://media.digikey.com/photos/TDK%20Photos/GLCR2012T1R0M-HC.jpg","445-3622-1-ND","GLF201208T220M","TDK Corporation","INDUCTOR 22UH 80MA 20% 0805",3097,0,"0.21000",0,1,"Cut Tape (CT)","GLF","Wirewound","-","22µH","±20%","150mA","80mA","Shielded","3.5 Ohm","-","-","-40°C ~ 105°C","-","Surface Mount","0805 (2012 Metric)","0.079"" L x 0.049"" W (2.00mm x 1.25mm)","0.053"" (1.35mm)","0805 (2012 Metric)"
"http://media.digikey.com/pdf/Data%20Sheets/TDK%20PDFs/GLFR2012.pdf","http://media.digikey.com/Renders/TDK%20Renders/0805-GLCR.jpg","445-3615-1-ND","GLFR2012T220M-LR","TDK Corporation","INDUCTOR 22UH 75MA 20% 0805",1,0,"0.16000",0,1,"Cut Tape (CT)","GLFR","Wirewound","-","22µH","±20%","300mA","75mA","Shielded","700 mOhm","-","-","-40°C ~ 105°C","-","Surface Mount","0805 (2012 Metric)","0.079"" L x 0.049"" W (2.00mm x 1.25mm)","0.053"" (1.35mm)","0805 (2012 Metric)"
"http://media.digikey.com/pdf/Data%20Sheets/TDK%20PDFs/GLF,GLC%20Series.pdf","http://media.digikey.com/photos/TDK%20Photos/GLCR2012T1R0M-HC.jpg","445-3160-1-ND","GLF2012T220K","TDK Corporation","INDUCTOR 22UH 100MA 10% 0805",0,0,"Call",0,1,"Cut Tape (CT)","GLF","Wirewound","-","22µH","±10%","220mA","75mA","Shielded","1 Ohm","-","-","-40°C ~ 105°C","-","Surface Mount","0805 (2012 Metric)","0.079"" L x 0.049"" W (2.00mm x 1.25mm)","0.053"" (1.35mm)","0805 (2012 Metric)"
"http://media.digikey.com/pdf/Data%20Sheets/TDK%20PDFs/GLCR2012.pdf","http://media.digikey.com/Renders/TDK%20Renders/0805-GLCR.jpg","445-3628-1-ND","GLCR2012T220M-HC","TDK Corporation","INDUCTOR 22UH 105MA 20% 0805",0,0,"Call",0,1,"Cut Tape (CT)","GLCR","Wirewound","-","22µH","±20%","250mA","105mA","Shielded","1 Ohm","-","-","-40°C ~ 105°C","-","Surface Mount","0805 (2012 Metric)","0.079"" L x 0.049"" W (2.00mm x 1.25mm)","0.053"" (1.35mm)","0805 (2012 Metric)"
"http://www.tdk.co.jp/tefe02/e511_mlf_02.pdf","http://media.digikey.com/photos/TDK%20Photos/MLF2012%20SERIES.jpg","445-1064-1-ND","MLF2012C270KT000","TDK Corporation","INDUCTOR MULTILAYER 27UH 0805",6980,0,"0.16000",0,1,"Cut Tape (CT)","MLF","Multilayer","Ferrite","27µH","±10%","5mA","-","Shielded","1 Ohm Max","30 @ 1MHz","17MHz","-40°C ~ 85°C","1MHz","Surface Mount","0805 (2012 Metric)","0.079"" L x 0.049"" W (2.00mm x 1.25mm)","0.057"" (1.45mm)","0805 (2012 Metric)"
"http://www.tdk.co.jp/tefe02/e511_mlf_02.pdf","http://media.digikey.com/photos/TDK%20Photos/MLF2012%20SERIES.jpg","445-8979-1-ND","MLF2012C270M","TDK Corporation","INDUCTOR MULTILAYER 27UH 0805",3640,0,"0.14000",0,1,"Cut Tape (CT)","MLF","Multilayer","Ferrite","27µH","±20%","5mA","-","Shielded","1 Ohm Max","30 @ 1MHz","17MHz","-40°C ~ 85°C","1MHz","Surface Mount","0805 (2012 Metric)","0.079"" L x 0.049"" W (2.00mm x 1.25mm)","0.057"" (1.45mm)","0805 (2012 Metric)"
"http://www.tdk.co.jp/tefe02/e533_mlz.pdf","http://media.digikey.com/Renders/TDK%20Renders/0805-MLZ.jpg","445-6399-1-ND","MLZ2012M330WT000","TDK Corporation","INDUCTOR MULTILAYER 33UH 0805",2940,0,"0.11000",0,1,"Cut Tape (CT)","MLZ","Multilayer","Ferrite","33µH","±20%","190mA","55mA","Shielded","2.6 Ohm","-","28MHz","-55°C ~ 125°C","2MHz","Surface Mount","0805 (2012 Metric)","0.079"" L x 0.049"" W (2.00mm x 1.25mm)","0.057"" (1.45mm)","0805 (2012 Metric)"
"http://www.tdk.co.jp/tefe02/e511_mlf_02.pdf","http://media.digikey.com/photos/TDK%20Photos/MLF2012%20SERIES.jpg","445-1065-1-ND","MLF2012C330KT000","TDK Corporation","INDUCTOR MULTILAYER 33UH 0805",24206,0,"0.16000",0,1,"Cut Tape (CT)","MLF","Multilayer","Ferrite","33µH","±10%","5mA","-","Shielded","1.1 Ohm Max","30 @ 400kHz","15MHz","-40°C ~ 85°C","400kHz","Surface Mount","0805 (2012 Metric)","0.079"" L x 0.049"" W (2.00mm x 1.25mm)","0.057"" (1.45mm)","0805 (2012 Metric)"
"http://www.tdk.co.jp/tefe02/e511_mlf_02.pdf","http://media.digikey.com/photos/TDK%20Photos/MLF2012%20SERIES.jpg","445-8980-1-ND","MLF2012C330M","TDK Corporation","INDUCTOR MULTILAYER 33UH 0805",4980,0,"0.14000",0,1,"Cut Tape (CT)","MLF","Multilayer","Ferrite","33µH","±20%","5mA","-","Shielded","1.1 Ohm Max","30 @ 400kHz","15MHz","-40°C ~ 85°C","400kHz","Surface Mount","0805 (2012 Metric)","0.079"" L x 0.049"" W (2.00mm x 1.25mm)","0.057"" (1.45mm)","0805 (2012 Metric)"
"http://www.tdk.co.jp/tefe02/e511_mlf_02.pdf","http://media.digikey.com/photos/TDK%20Photos/MLF2012%20SERIES.jpg","445-1066-1-ND","MLF2012K390KT000","TDK Corporation","INDUCTOR MULTILAYER 39UH 0805",12600,0,"0.16000",0,1,"Cut Tape (CT)","MLF","Multilayer","Ferrite","39µH","±10%","4mA","-","Shielded","2.4 Ohm Max","35 @ 2MHz","13MHz","-40°C ~ 85°C","2MHz","Surface Mount","0805 (2012 Metric)","0.079"" L x 0.049"" W (2.00mm x 1.25mm)","0.057"" (1.45mm)","0805 (2012 Metric)"
"http://www.tdk.co.jp/tefe02/e511_mlf_02.pdf","http://media.digikey.com/photos/TDK%20Photos/MLF2012%20SERIES.jpg","445-9000-1-ND","MLF2012K390M","TDK Corporation","INDUCTOR MULTILAYER 39UH 0805",3842,0,"0.14000",0,1,"Cut Tape (CT)","MLF","Multilayer","Ferrite","39µH","±20%","4mA","-","Shielded","2.4 Ohm Max","35 @ 2MHz","13MHz","-40°C ~ 85°C","2MHz","Surface Mount","0805 (2012 Metric)","0.079"" L x 0.049"" W (2.00mm x 1.25mm)","0.057"" (1.45mm)","0805 (2012 Metric)"
"http://www.tdk.co.jp/tefe02/e533_mlz.pdf","http://media.digikey.com/Renders/TDK%20Renders/0805-MLZ.jpg","445-6400-1-ND","MLZ2012M470WT000","TDK Corporation","INDUCTOR MULTILAYER 47UH 0805",42540,0,"0.11000",0,1,"Cut Tape (CT)","MLZ","Multilayer","Ferrite","47µH","±20%","170mA","50mA","Shielded","3.7 Ohm","-","20MHz","-55°C ~ 125°C","2MHz","Surface Mount","0805 (2012 Metric)","0.079"" L x 0.049"" W (2.00mm x 1.25mm)","0.057"" (1.45mm)","0805 (2012 Metric)"
"http://www.tdk.co.jp/tefe02/e511_mlf_02.pdf","http://media.digikey.com/photos/TDK%20Photos/MLF2012%20SERIES.jpg","445-1067-1-ND","MLF2012K470KT000","TDK Corporation","INDUCTOR MULTILAYER 47UH 0805",9445,0,"0.16000",0,1,"Cut Tape (CT)","MLF","Multilayer","Ferrite","47µH","±10%","4mA","-","Shielded","2.7 Ohm Max","35 @ 2MHz","11MHz","-40°C ~ 85°C","2MHz","Surface Mount","0805 (2012 Metric)","0.079"" L x 0.049"" W (2.00mm x 1.25mm)","0.057"" (1.45mm)","0805 (2012 Metric)"
"http://www.tdk.co.jp/tefe02/e511_mlf_02.pdf","http://media.digikey.com/photos/TDK%20Photos/MLF2012%20SERIES.jpg","445-9001-1-ND","MLF2012K470M","TDK Corporation","INDUCTOR MULTILAYER 47UH 0805",1348,0,"0.14000",0,1,"Cut Tape (CT)","MLF","Multilayer","Ferrite","47µH","±20%","4mA","-","Shielded","2.7 Ohm Max","35 @ 2MHz","11MHz","-40°C ~ 85°C","2MHz","Surface Mount","0805 (2012 Metric)","0.079"" L x 0.049"" W (2.00mm x 1.25mm)","0.057"" (1.45mm)","0805 (2012 Metric)"
"http://media.digikey.com/pdf/Data%20Sheets/TDK%20PDFs/GLF,GLC%20Series.pdf","http://media.digikey.com/photos/TDK%20Photos/GLCR2012T1R0M-HC.jpg","445-3623-1-ND","GLF201208T470M","TDK Corporation","INDUCTOR 47UH 60MA 20% 0805",2414,0,"0.21000",0,1,"Cut Tape (CT)","GLF","Wirewound","-","47µH","±20%","120mA","60mA","Shielded","5.3 Ohm","-","-","-40°C ~ 105°C","-","Surface Mount","0805 (2012 Metric)","0.079"" L x 0.049"" W (2.00mm x 1.25mm)","0.053"" (1.35mm)","0805 (2012 Metric)"
"http://media.digikey.com/pdf/Data%20Sheets/TDK%20PDFs/GLF,GLC%20Series.pdf","http://media.digikey.com/photos/TDK%20Photos/GLCR2012T1R0M-HC.jpg","445-3161-1-ND","GLF2012T470K","TDK Corporation","INDUCTOR 47UH 75MA 10% 0805",0,0,"Call",0,1,"Cut Tape (CT)","GLF","Wirewound","-","47µH","±10%","170mA","50mA","Shielded","1.7 Ohm","-","-","-40°C ~ 105°C","-","Surface Mount","0805 (2012 Metric)","0.079"" L x 0.049"" W (2.00mm x 1.25mm)","0.053"" (1.35mm)","0805 (2012 Metric)"
"http://media.digikey.com/pdf/Data%20Sheets/TDK%20PDFs/GLFR2012.pdf","http://media.digikey.com/Renders/TDK%20Renders/0805-GLCR.jpg","445-3616-1-ND","GLFR2012T470M-LR","TDK Corporation","INDUCTOR 47UH 50MA 20% 0805",0,0,"Call",0,1,"Cut Tape (CT)","GLFR","Wirewound","-","47µH","±20%","230mA","50mA","Shielded","1.38 Ohm","-","-","-40°C ~ 105°C","-","Surface Mount","0805 (2012 Metric)","0.079"" L x 0.049"" W (2.00mm x 1.25mm)","0.053"" (1.35mm)","0805 (2012 Metric)"
"http://media.digikey.com/pdf/Data%20Sheets/TDK%20PDFs/GLCR2012.pdf","http://media.digikey.com/Renders/TDK%20Renders/0805-GLCR.jpg","445-3629-1-ND","GLCR2012T470M-HC","TDK Corporation","INDUCTOR 47UH 70MA 20% 0805",0,0,"Call",0,1,"Cut Tape (CT)","GLCR","Wirewound","-","47µH","±20%","170mA","70mA","Shielded","2.4 Ohm","-","-","-40°C ~ 105°C","-","Surface Mount","0805 (2012 Metric)","0.079"" L x 0.049"" W (2.00mm x 1.25mm)","0.053"" (1.35mm)","0805 (2012 Metric)"
"http://www.tdk.co.jp/tefe02/e511_mlf_02.pdf","http://media.digikey.com/photos/TDK%20Photos/MLF2012%20SERIES.jpg","445-9002-1-ND","MLF2012K560M","TDK Corporation","INDUCTOR MULTILAYER 56UH 0805",2778,0,"0.14000",0,1,"Cut Tape (CT)","MLF","Multilayer","Ferrite","56µH","±20%","4mA","-","Shielded","2.8 Ohm Max","35 @ 2MHz","10MHz","-40°C ~ 85°C","2MHz","Surface Mount","0805 (2012 Metric)","0.079"" L x 0.049"" W (2.00mm x 1.25mm)","0.057"" (1.45mm)","0805 (2012 Metric)"
"http://www.tdk.co.jp/tefe02/e511_mlf_02.pdf","http://media.digikey.com/photos/TDK%20Photos/MLF2012%20SERIES.jpg","445-1069-1-ND","MLF2012C680KT000","TDK Corporation","INDUCTOR MULTILAYER 68UH 0805",5991,0,"0.16000",0,1,"Cut Tape (CT)","MLF","Multilayer","Ferrite","68µH","±10%","2mA","-","Shielded","2.9 Ohm Max","25 @ 1MHz","9MHz","-40°C ~ 85°C","1MHz","Surface Mount","0805 (2012 Metric)","0.079"" L x 0.049"" W (2.00mm x 1.25mm)","0.057"" (1.45mm)","0805 (2012 Metric)"
"http://www.tdk.co.jp/tefe02/e511_mlf_02.pdf","http://media.digikey.com/photos/TDK%20Photos/MLF2012%20SERIES.jpg","445-8981-1-ND","MLF2012C680M","TDK Corporation","INDUCTOR MULTILAYER 68UH 0805",3554,0,"0.14000",0,1,"Cut Tape (CT)","MLF","Multilayer","Ferrite","68µH","±20%","2mA","-","Shielded","2.9 Ohm Max","25 @ 1MHz","9MHz","-40°C ~ 85°C","1MHz","Surface Mount","0805 (2012 Metric)","0.079"" L x 0.049"" W (2.00mm x 1.25mm)","0.057"" (1.45mm)","0805 (2012 Metric)"
"http://www.tdk.co.jp/tefe02/e511_mlf_02.pdf","http://media.digikey.com/photos/TDK%20Photos/MLF2012%20SERIES.jpg","445-8982-1-ND","MLF2012C820M","TDK Corporation","INDUCTOR MULTILAYER 82UH 0805",2879,0,"0.14000",0,1,"Cut Tape (CT)","MLF","Multilayer","Ferrite","82µH","±20%","2mA","-","Shielded","3 Ohm Max","25 @ 1MHz","8MHz","-40°C ~ 85°C","1MHz","Surface Mount","0805 (2012 Metric)","0.079"" L x 0.049"" W (2.00mm x 1.25mm)","0.057"" (1.45mm)","0805 (2012 Metric)"
"http://www.tdk.co.jp/tefe02/e533_mlz.pdf","-","445-9496-1-ND","MLZ2012N101LT000","TDK Corporation","INDUCTOR MULTILAYER 100UH 0805",2462,0,"0.11000",0,1,"Cut Tape (CT)","MLZ","Multilayer","Ferrite","100µH","±20%","140mA","30mA","Shielded","3.5 Ohm","-","-","-55°C ~ 125°C","2MHz","Surface Mount","0805 (2012 Metric)","0.079"" L x 0.049"" W (2.00mm x 1.25mm)","0.057"" (1.45mm)","0805 (2012 Metric)"
"http://www.tdk.co.jp/tefe02/e511_mlf_02.pdf","http://media.digikey.com/photos/TDK%20Photos/MLF2012%20SERIES.jpg","445-8975-1-ND","MLF2012C101M","TDK Corporation","INDUCTOR MULTILAYER 100UH 0805",4123,0,"0.14000",0,1,"Cut Tape (CT)","MLF","Multilayer","Ferrite","100µH","±20%","2mA","-","Shielded","3.1 Ohm Max","25 @ 1MHz","7MHz","-40°C ~ 85°C","1MHz","Surface Mount","0805 (2012 Metric)","0.079"" L x 0.049"" W (2.00mm x 1.25mm)","0.057"" (1.45mm)","0805 (2012 Metric)"
"http://www.tdk.co.jp/tefe02/e511_mlf_02.pdf","http://media.digikey.com/photos/TDK%20Photos/MLF2012%20SERIES.jpg","445-1071-1-ND","MLF2012C101KT000","TDK Corporation","INDUCTOR MULTILAYER 100UH 0805",38608,0,"0.16000",0,1,"Cut Tape (CT)","MLF","Multilayer","Ferrite","100µH","±10%","2mA","-","Shielded","3.1 Ohm Max","25 @ 1MHz","7MHz","-40°C ~ 85°C","1MHz","Surface Mount","0805 (2012 Metric)","0.079"" L x 0.049"" W (2.00mm x 1.25mm)","0.057"" (1.45mm)","0805 (2012 Metric)"
"http://media.digikey.com/pdf/Data%20Sheets/TDK%20PDFs/GLCR2012.pdf","http://media.digikey.com/Renders/TDK%20Renders/0805-GLCR.jpg","445-3630-1-ND","GLCR2012T101M-HC","TDK Corporation","INDUCTOR 100UH 40MA 20% 0805",25994,0,"0.19000",0,1,"Cut Tape (CT)","GLCR","Wirewound","-","100µH","±20%","130mA","40mA","Shielded","4.5 Ohm","-","-","-40°C ~ 105°C","-","Surface Mount","0805 (2012 Metric)","0.079"" L x 0.049"" W (2.00mm x 1.25mm)","0.053"" (1.35mm)","0805 (2012 Metric)"
"http://media.digikey.com/pdf/Data%20Sheets/TDK%20PDFs/GLF,GLC%20Series.pdf","http://media.digikey.com/photos/TDK%20Photos/GLCR2012T1R0M-HC.jpg","445-3162-1-ND","GLF2012T101K","TDK Corporation","INDUCTOR 100UH 50MA 10% 0805",0,0,"Call",0,1,"Cut Tape (CT)","GLF","Wirewound","-","100µH","±10%","110mA","30mA","Shielded","4 Ohm","-","-","-40°C ~ 105°C","-","Surface Mount","0805 (2012 Metric)","0.079"" L x 0.049"" W (2.00mm x 1.25mm)","0.053"" (1.35mm)","0805 (2012 Metric)"
"http://media.digikey.com/pdf/Data%20Sheets/TDK%20PDFs/GLFR2012.pdf","http://media.digikey.com/Renders/TDK%20Renders/0805-GLCR.jpg","445-3617-1-ND","GLFR2012T101M-LR","TDK Corporation","INDUCTOR 100UH 30MA 20% 0805",0,0,"Call",0,1,"Cut Tape (CT)","GLFR","Wirewound","-","100µH","±20%","160mA","30mA","Shielded","3 Ohm","-","-","-40°C ~ 105°C","-","Surface Mount","0805 (2012 Metric)","0.079"" L x 0.049"" W (2.00mm x 1.25mm)","0.053"" (1.35mm)","0805 (2012 Metric)"
